0,1
-6.2349858,106.9945444
28.0159286,73.3171367
-19.2569391,146.8239537
-27.5610193,151.953351
23.1301964,113.2592945
35.6821936,139.762221
1.4900578,124.8408708
16.8502534,74.5948885
37.5666791,126.9782914
23.1608938,79.9497702
-38.1493248,144.3598241
-27.4689682,153.0234991
-32.5302495,115.7208782
25.2779894,110.2910622
28.6273928,77.1716954
31.3016935,120.5810725
1.2899175,103.8519072
15.3518378,75.1379848
-34.4243941,150.89385
3.5896654,98.6738261
-35.2975906,149.1012676
12.98815675,77.62260003796
29.3093002,120.0703805
24.9316896,82.62801628419575
40.182737,29.0675481
-35.1309451,139.2651638
40.88858,29.1856536
47.940974049999994,106.91796375225584
41.006381,28.9758715
21.2380912,81.6336993
28.2996183,-82.4522702
34.0536909,-118.242766
37.7792588,-122.4193286
38.9742502,-94.6851702
5.8086,8.0812
-4.3196982,15.3424196
14.693425,-17.447938
33.5945144,-7.6200284
51.5142273,7.4652789
48.9229803,2.4455201
47.2186371,-1.5541362
53.2190652,6.5680077
54.9625789,-1.6019294
50.7664372,0.2781546
49.3304353,6.0636733
50.800031,-1.0906023
51.5110321,7.0960124
43.7009358,7.2683912
14.4976914,-90.5560333
13.722484,-89.1869905
8.4371469,-82.4286281
18.4801972,-69.942111
10.395075,-71.4414049
3.3890813,-76.6229386
13.6941885,-89.1104745
14.1057433,-87.2040052
-9.4336959,-40.5068201
19.4326296,-99.1331785
20.6397718,-103.3120428
18.833333,-98.0
-23.5506507,-46.6333824
-34.9058916,-56.1913095
-34.6073387,-58.4432852
-23.5112184,-46.8764612
-23.4152862,-51.4293961
21.3791765,-77.9183681
21.08870445,-76.81216477200348
21.5119156,-104.8915889
9.0551061,-79.4933063
19.3129326,-98.8840481
-9.6476843,-35.7339264
-19.9227318,-43.9450948
20.0214637,-75.8294928
15.493638650000001,-88.00776696107931
-12.0621065,-77.0365256
20.91155765,-75.78919775863332
18.8497366,-97.1060062
12.1544035,-86.2737642
17.9884657,-92.9366326
-4.9706021,-39.0158403
14.6307175,-90.6061595
21.884703,-82.8038514
14.6539748,-90.92727412053142
14.5308826,-90.5963325
-0.2201641,-78.5123274
9.2139083,-66.0065129
-23.603889,-46.918889
-3.3973569,-44.3560724
12.4348568,-86.8788302
19.2880603,-99.1669733
13.8013036,-89.1790784
-38.9278173,-67.9925103
15.7833743,-86.7917749
18.8944704,-96.9352891
-12.3831319,16.9425484
15.5635972,32.5349123
9.561733,44.061803
34.26457,-6.570169
5.320357,-4.016107
30.72517,31.6708449
43.1070321,12.402996209906487
49.453872,11.077298
49.2577886,4.031926
51.4825041,11.9705452
53.5505392,8.5851945
40.8189733,14.3387454
52.0191005,8.531007
51.4893335,-0.14405508452768728
51.434999,6.759562
53.7944229,-1.7519186
37.3122991,13.57465
53.5415797,-2.1147831
38.1112268,13.3524434
40.4167047,-3.7035825
48.6937223,6.1834097
41.9793006,2.8199439
49.564665,3.620686
54.6857276,-1.2093696
48.8009132,2.6068064
46.1591126,-1.1520434
55.9533456,-3.1883749
40.9460532,14.3750083
52.3744779,9.7385532
53.4794892,-2.2451148
38.1937571,15.5542082
53.5278793,8.106301
51.9767243,-0.2305199
55.6540048,-4.6992011
48.7350308,2.4077003
43.29548,-2.9900933
59.3251172,18.0710935
51.8161412,-0.8130383
52.443118,9.738994
52.4796992,-1.9026911
52.3730796,4.8924534
48.2083537,16.3725042
29.7589382,-95.3676974
33.3527632,-111.789037
37.3361663,-121.890591
36.7394421,-119.78483
40.6938609,-89.5891008
39.1014537,-84.5124602
39.9622601,-83.0007065
45.4208777,-75.6901106
43.451291,-80.4927815
39.9527237,-75.1635262
42.0415823,-87.8873916
41.8994745,-87.9403418
-18.9100122,47.5255809
36.772925,3.058819
6.328034,-10.797788
6.1329749,-5.9517697
-17.853135,25.861429
34.0346534,-5.0161926
30.0443879,31.2357257
27.222556,33.8307062
13.524834,2.109823
34.044889,-6.814017
-25.7459277,28.1879101
31.6258257,-7.9891608
19.619217,37.211709
6.4550575,3.3941795
-17.87751,36.890216
-33.9618359,25.6186512
-3.7622225499999997,33.2320360738371
-0.3602433,42.5409025
-2.6053426,29.7401547
-27.762778,29.923889
31.7788242,35.2257626
-28.0023731,153.4145987
-32.9192953,151.7795348
-41.1354217,174.8397824
-34.195274,142.1503146
23.7644025,90.389015
26.4609135,80.3217588
13.7524938,100.4935089
33.3061701,44.3872213
36.9863599,35.3252861
24.638916,46.7160104
22.5445741,114.0545429
39.1175488,117.1913008
-31.9558933,115.8605855
-45.8740984,170.5035755
-37.8142454,144.9631732
19.2236329,73.1671515
14.5906346,120.9799964
36.7978381,34.6298391
50.0757002,73.04383390433861
35.1139509,117.1600052
31.9827896,120.8904588
39.740278,122.255833
27.738153,111.7776649
-26.7981633,153.1354434
-36.7590183,144.2826718
-34.9281805,138.5999312
26.4691,74.639
29.571858,57.301047
22.2973142,73.1942567
-6.9903988,110.4229104
-6.7137044,108.5608483
16.7967129,96.1609916
39.2522508,29.4937732
41.0036287,71.2611952
38.4139173,112.730463
44.635006,130.013384
6.6458524,1.7171404
5.181975,7.7132177
5.5186186,5.7480196
-4.4137734,18.294121461812438
5.7282262,10.8971603
-8.8272699,13.2439512
11.8395375,13.1536214
-1.3026148499999999,36.82884201813725
-12.8104186,28.2068361
4.9314698,10.065948429697189
-6.1258942,23.5998111
6.130419,1.215829
-15.7181492,46.3172577
11.8948389,8.5364136
36.8982165,7.7549272
6.3676953,2.4252507
-6.8160837,39.2803583
-33.928992,18.417396
43.6112422,3.8767337
49.268624,27.0635998
47.6586772,-2.7599079
40.282476,-3.7923422
48.881886,2.5076181
47.6918575,2.6313889
48.884683,2.2695658
51.2562118,6.3905476
45.4384958,10.9924122
43.8424173,13.0146632
54.5164982,18.5402738
39.9603798,-4.8311717
50.4638918,1.7631125
43.2961743,5.3699525
38.7077507,-9.1365919
52.5847651,-2.127567
47.726590650000006,22.751987346184112
20.6720375,-103.338396
7.8971458,-72.5080387
23.0916177,-102.9333954
28.5000001,-106.0000001
-10.3333333,-53.2
-2.438489,-54.699611
-26.3044898,-48.8486726
25.6802019,-100.315258
1.8171632,-76.10213621847218
20.8052225,-99.8837376
10.5147394,-61.4076757
28.96893455,-111.44731686054334
19.6359452,-99.0948573
-26.9924395,-48.6339782
9.7422774,-63.1888854
-2.6344567,-56.7319324
15.60641795,-91.64422166792653
14.7422136,-90.48305542101491
-23.5003451,-47.4582864
-34.6774186,-58.5607837
-25.2925439,-49.2243472
-23.2637798,-47.2998462
18.9218274,-99.2342282
-15.7392283,-48.2793357
-19.6940958,-43.9186521
4.6533816,-74.0836333
21.2120677,81.3732849
36.0637967,120.3192081
34.3508273,62.2164003
-33.8698439,151.2082848
-6.9215529,107.6110212
34.8972729,108.9403845
23.1885131,75.7716562
-1.2398711,116.8593379
18.5213738,73.8545071
36.6961413,119.0915313
-7.9778383999999996,110.36722565020224
-23.3782137,150.5134227
43.1655512,124.3668545
31.2312707,121.4700152
-6.40719,106.8158371
35.5305307,139.7028012
31.5656822,74.3141829
-7.9771206,112.6340291
10.7763897,106.7011391
41.8026095,123.4279105
35.8713,128.6018
22.3053263,70.8028377
26.6677977,83.364233378331
-7.2459717,112.7378266
21.1498134,79.0820556
15.2241917,101.9313754
5.9780066,116.0728988
44.2473733,126.0575422
23.3563921,116.6775856
-16.9206657,145.7721854
26.9154576,75.8189817
27.6995215,111.9890658
12.1962432,-86.096372
28.3251866,37.6328648
-36.991284750000005,174.88101271299126
-6.175247,106.8270488
-6.1761924,106.6382161
24.75,84.5
47.6038321,-122.330062
37.8044557,-122.271356
40.7127281,-74.0060152
33.0142344,-83.9044159
-26.707778,27.095833
50.0820384,8.2416556
48.1371079,11.5753822
48.906387,2.4452231
50.6365654,3.0635282
44.12162085,26.045927956436923
52.6345819,-1.6948438
49.841952,24.0315921
20.5,-99.0
20.6758761,-101.3521052
20.7211203,-103.3913671
-23.6669527,-46.4616922
34.6422939,50.8801184
39.7392364,-104.984862
30.3321838,-81.655651
40.63591975,17.688443357842537
53.550341,10.000654
52.0799838,4.3113461
53.7229229,-1.8604874
51.2973261,6.8493503
45.4338215,28.0549395
17.9594769,-102.198659
52.0056642,5.8762345077641305
44.8013678,10.3280833
60.2933337,25.0407809
41.8933203,12.4829321
45.63485905,11.40635425660249
50.7016015,3.2153907
57.6263877,39.8933705
50.8553888,0.5824703
53.3806626,-1.4702278
52.4766308,1.7537638
60.4517531,22.2670522
43.3224219,-1.9838889
51.1798706,7.1943544
53.632374,55.952259
50.7256138,-3.5269209
43.1147515,1.6082177
51.7958812,4.6779351
48.584614,7.7507127
52.1131403,4.6408411999450685
51.218194499999996,22.554677562145155
53.3493795,-6.2605593
43.0935105,5.8393953
48.1113387,-1.6800198
43.8420391,10.5735254
48.4919508,9.2114144
48.7144587,2.2453842
52.3057655,-1.9417444
53.7974185,-1.5437941
50.3714122,-4.1424451
41.3828939,2.1774322
41.2861022,1.9824173
59.9133301,10.7389701
50.2513704,3.9200611
48.7383895,19.1585805
59.3120997,18.2073591
52.5186579,-1.9923114
45.4641943,9.1896346
51.262826,-1.0861976
50.8095801,-0.5424424
37.3886303,-5.9953403
45.0004614,7.6847543
50.6152381,5.5089437
48.7389415,37.5843812
54.3227085,10.135555
54.9058512,-1.3828727
48.3638222,10.686649394596174
45.6931647,-0.3250175
51.5646195,7.3106175
50.3470387,18.9231857
24.833333,-104.833333
-20.1252961,-40.3064477
19.4503932,-70.6909047
13.6989939,-89.1914249
22.312446950000002,-83.93893860318403
-28.9348832,-49.4858389
17.700662299999998,-93.19789166206073
-15.0,-70.0
-26.8898813,-48.6495828
22.2157619,-97.8577713
-16.4955455,-68.1336229
12.9285563,-85.9174331
13.73143855,-89.17858857433774
-22.7392463,-47.3306032
-26.8901747,-49.2416736
32.5317397,-117.019529
18.651739,-91.81492
-23.4446715,-46.9167722
-22.5615068,-47.401766
10.170026,-68.0003987
-33.4377756,-70.6504502
0.0401529,-51.0569588
17.9717917,-76.8738048
25.4230425,-100.9927509
20.1431797,-75.2034783
4.71065925,-75.93238750220385
-16.3988667,-71.5369607
18.908889,-98.437778
-9.9765362,-67.8220778
-14.0,-74.0
-22.4093928,-43.6609318
17.360589,78.4740613
32.5112693,120.1231831
-43.530955,172.6364343
-40.9495524,175.6594413
46.5969028,125.1014811
-36.0737734,146.9135265
14.6916903,120.9694534
14.5871972,121.1759246
33.8943281,48.7560936
38.23166,27.02997
44.299444,127.171944
36.8864752,30.7029585
13.4115414,43.5570871
32.3968554,119.4077658
43.7627501,142.3579263
7.9028844,125.0898033
32.8856482,-6.908798
5.5571096,-0.2012376
36.5407471,3.9571285
33.8984131,-5.5321582
-1.036648,37.077523
13.997187,32.30946
31.1991806,29.8951716
-5.9460209,29.1967172
14.3965781,33.5309561
2.0349312,45.3419183
10.1154374,-13.1916883
34.230155,-4.010104
9.5912196,41.9797191
45.0677551,7.6824892
50.938361,6.959974
51.989845,42.258396
51.5388241,0.7128137
53.3646888,-2.7283328
44.0554043,5.0487681
52.0907006,5.1215634
50.9654864,5.5001456
51.8653705,-2.2458192
60.1674881,24.9427473
43.582733,5.0025809
42.6977028,23.3217359
37.1734995,-3.5995337
49.4679,1.0813
52.5108638,13.3989421
39.2171994,9.113311
50.8027168,6.8031625
51.596827149999996,-0.3373046180437286
42.3102619,13.95759010584892
50.7235038,3.1605714
40.926012,14.310831
48.5717084,39.2973153
53.5227681,-1.1335312
48.8352872,2.5193322
50.4116233,4.444528
46.3239233,-0.4646064
45.4371908,12.3345898
48.3984968,9.9912458
52.2055314,0.1186637
50.8751175,8.0256131
40.4933095,-3.8758396
51.8784385,-0.4152837
49.1589278,5.3867277
48.9938791,2.0949768
45.5357218,9.2376549
48.9031,2.48291
39.4697065,-0.3763353
48.8478586,2.5529612
38.2653307,-0.6988391
52.2085731,7.0264443
50.1106444,8.6820917
53.4310417,-1.355187
48.5958681,2.5798953
43.1007714,5.8788948
35.362799,138.730781
35.227956,128.6818586
38.8579735,115.490696
-31.4299499,152.9103525
16.5087573,80.6185089
37.2442466,67.283151
42.8777895,74.6066926
39.9057136,116.3912972
19.1943294,72.9701779
19.08157715,72.88662753964906
23.5350475,87.3380425
-0.5017804,117.1393089
10.67221445,122.94435942609356
-28.7936072,153.26712591214815
21.7718836,72.1416449
15.1389351,120.5875321
41.1590875,27.8041066
21.5810088,39.1653612
,
34.818215,135.659225
23.6935,106.941
22.7891796,115.3704551
-36.8911394,174.4381957
12.8698101,74.8430082
27.708317,85.3205817
-3.9918068,122.5180066
-7.7441461,113.2158401
45.2928513,130.9619259
-12.46044,130.8410469
37.2793607,49.5846102
31.3230637,48.67932
51.4002384,8.0605908
44.40726,8.9338624
43.6044622,1.4442469
50.8797911,-1.0314789
51.3406321,12.3747329
48.8212037,2.289259
45.7764637,5.0044767
47.7467233,7.3389937
52.6362,-1.1331969
49.3549458,3.0344372
36.508976,-4.88562
43.7697955,11.2556404
54.837449,38.1505119
47.0617293,-0.8801359
51.4818111,7.2196635
45.8992348,6.1288847
52.1315889,11.6399609
51.2211097,4.3997081
42.9830241,47.5048717
55.1598408,61.4025547
52.8455492,13.2461296
50.5525346,8.5074406
43.6951468,5.5032671
37.9775416,-0.6828446
43.6612012,7.1513834
48.8924273,2.2071267
46.1239268,3.4203712
52.665257,8.2363523
48.0073849,0.1967849
44.841225,-0.5800364
46.3498308,48.0326203
49.4404591,1.0939658
48.7784485,9.1800132
52.5725769,-0.2427336
43.883179,10.7709533
52.2337172,21.071432235636493
37.2575874,-6.9484945
44.6086674,10.594066675914796
44.8661755,-0.5992399
42.057858,48.2887648
53.0996153,-2.4414627
48.8534951,2.3483915
50.7834973,-0.6730718
43.4832523,-1.5592776
43.5298424,5.4474738
-24.497942,-47.844895
-11.2959181,-41.9871566
14.483333,-90.533333
18.88638935,-99.17012240115315
-14.2950215,-41.659239732941316
-22.4164578,-42.975194
-23.4675941,-46.5277704
38.4660651,27.2190721
38.2372178,39.6632501
32.0852997,34.7818064
51.1282205,71.4306682
-41.4340813,147.1373496
23.3700501,85.3250387
-39.0579941,174.0806474
23.746777,114.6954482
35.0196331,50.3652364
21.1982964,81.40079215767969
14.5567949,121.0211226
34.3697015,118.3487597
24.9377373,112.4818454
39.7743941,30.519116
-30.5144881,151.6656564
-31.0900743,150.9290159
-1.6394711,102.94542640112506
34.2665258,117.1810431
30.5951051,114.2999353
-42.8825088,147.3281233
39.9655078,32.5794438
-21.141956,149.1865149
37.617838,112.846727
35.9263502,136.6068127
14.651348,120.9724002
30.4952371,47.8090981
15.8572666,74.5069343
14.5780161,121.1163072
-36.852095,174.7631803
-38.6866197,176.0694773
32.1525312,74.1933745
45.4109229,79.9155159
25.509128699999998,55.361907248723114
22.273734,113.5721327
37.5014422,126.7660139
-41.2710849,173.2836756
28.3803015,115.0153957
17.84990665,75.27632027348457
30.05518,107.8748712
23.0501661,112.4603629
-7.05644335,109.13157658590205
25.193859,85.5208617
32.1738588,120.0466771
34.1937969,72.0451467
30.8401171,106.1066076
11.568271,104.9224426
25.6093239,85.1235252
28.4031478,77.3105561
-25.537583,152.7019182
30.2841703,118.1299559
-32.233854,115.82114839519188
9.9261153,78.1140983
27.9963899,120.695345
30.7001324,104.0708278
43.106389,126.975
25.8348023,80.91545468512774
33.349559,120.1577019
-7.8111057,112.0046051
-30.2985996,153.1094116
-7.5692489,110.828448
14.458816,120.959579
-24.8653253,152.3516785
4.5986817,101.0900236
37.6581862,126.8319452
14.5605166,121.0764343
16.6959348,74.4555755
-2.9888243,104.7568507
25.196682950000003,76.00096873038872
-23.7080345,-46.5506747
13.7386182,-89.055216
20.3514474,-102.768809
34.5260109,69.1776838
36.1563122,-95.9927516
33.937517,-117.2305944
11.0248119,7.651853311586596
0.3177137,32.5813539
4.7676576,7.0188527
-26.205,28.049722
9.6187093,6.5475752
36.3641642,6.6084281
6.3208897,8.1133202
-33.934444,18.869167
35.7696302,-5.8033522
-29.310054,27.478222
-26.2227778,27.89
48.7911052,2.2870373
41.4493539,2.248254
57.7072326,11.9670171
55.861155,-4.2501687
45.6395418,9.278830418070044
51.5615327,-1.7854322
48.3905283,-4.4860088
48.8264842,2.1257808
48.8211559,2.3019814
41.6521807,-4.728605
48.937634,2.5298164
48.8474508,2.4396714
49.1813403,-0.3635615
52.0298704,5.0929333789192395
53.5812069,-1.5293707
52.23433665,-0.9028072768185829
48.8141864,34.0632935726256
48.7903787,2.6545195
45.1584982,1.5332389
49.4238,1.06208
49.7596208,6.6441878
54.42880315,18.79832701217957
51.3406713,7.0439912
43.9492493,4.8059012
53.7593363,-2.6992717
38.0173961,12.5160225
41.5942016,12.6485765
48.8126688,2.2385432
47.3886032,31.9442334
51.8896903,0.8994651
39.596685300000004,16.333055599019605
50.9303735,5.3378043
54.0886707,12.1400211
47.3900474,0.6889268
40.8285595,16.5527314
43.1257311,5.9304919
54.6870458,25.2829111
53.2293545,-0.5404819
49.9740542,9.1493636
53.0758196,8.8071646
49.4093582,8.694724
43.2630018,-2.9350039
51.264018,7.1780374
43.8911318,-0.500972
53.0162014,-2.1812607
48.8437486,2.1853699
40.822643,14.1219109
50.7185043,12.4939267
50.1055002,8.7610698
48.662589,34.9501715
47.2843726,-2.3951595
53.5457188,-2.6264624
50.6428547,3.1093516
45.7538355,21.2257474
46.9484742,7.4521749
57.1482429,-2.0928095
52.624056,10.081052
45.806691349999994,12.206315763116372
48.9385489,2.4631476
47.3215806,5.0414701
48.753554,2.2959423
44.0771026,10.096726
47.48138955,19.14609412691246
49.8044444,3.2383333
51.958534799999995,6.281455126241391
43.4162729,5.2146275
42.81568595,-1.6522353378580308
41.9263991,8.7376029
53.7904814,-1.392516
48.7630165,11.4250395
43.4057279,5.0548176
48.8953328,2.2561602
48.5000906,6.4527267
55.6867243,12.5700724
48.9891971,1.7140683
49.5928616,11.0056
48.1111324,5.1395849
48.7322183,-3.4587994
42.343926,-3.696977
48.6137734,2.4818087
50.3308692,19.2078918
41.1494512,-8.6107884
51.6195955,-3.9459248
52.4205588,10.7861682
48.8035403,2.1266886
48.9479069,2.2481797
52.75286615,6.952513466208563
51.5942009,7.1368071
48.649518,-2.0260409
50.2600417,127.5337378
42.8465088,-2.6724025
43.4599858,1.3262332
41.1257843,16.8620293
51.4582235,7.0158171
48.910939,2.5460722
48.9254221,2.2940122
59.3809146,13.5027631
51.2748258,0.5231646
47.4166667,13.25
52.1152245,8.6711118
49.2607914,2.4733771
51.1008952,6.9459377
48.8990413,2.0942792
45.823514,4.8994366
43.6008898,6.9963543
48.6452851,1.819207
51.0493286,13.7381437
60.2047672,24.6568435
48.9146078,2.3821895
18.5345373,-72.4092495
-17.3493765,-44.9507904
-22.5194493,-63.7986328
14.8464612,-91.5194208
8.9714493,-79.5341802
53.5782863,-2.4300367
50.3856239,2.065831
52.6071742,1.7314845
50.9524769,1.8538446
45.6598951,8.7932013
48.4438601,1.4881434
36.6242841,-4.4995448
50.8323531,12.918914
52.0892832,5.2276307
47.6500279,9.4800858
51.0281381,4.4803453
44.8476352,9.666531257696896
39.58125245,2.7092683401782343
49.4938975,0.1079732
43.4945144,-1.4736657
50.9119775,34.8027723
43.7753495,7.5029213
45.77958045,10.4258729694612
46.4228703,26.716399078506697
48.8965023,2.4019804
44.4938203,11.3426327
60.4674228,26.9450844
50.678792900000005,17.929884436033525
48.9960813,2.3796245
51.632237599999996,4.863042417836681
49.142291,9.218655
48.934231,2.499789
48.6998552,2.4172117
51.6143815,7.1978546
54.564094,-1.3129164
41.2648121,15.8996651
48.8003835,2.2630238
52.02320415,5.551800233162295
44.7835699,10.8854523
43.2130358,2.3491069
52.4276606,9.6005102
48.7358807,1.3684254
52.0475482,29.2667179
58.983132049999995,6.394641047340787
45.3267976,14.442208
37.5023612,15.0873718
44.6316943,-1.1491319
43.232858,0.0781021
44.805615,-0.6308396
49.2764624,-0.7024738
50.6056749,3.0778827
54.8948478,-2.9362311
54.8982139,23.9044817
52.3726682,-1.2620038
48.8990315,28.516068
52.9212617,-1.4761491
51.0941656,6.8407931
46.2017559,6.1466014
50.8765537,12.0832666
48.9748938,1.7109449
53.3503775,-3.005598
45.584250049999994,8.545996970894572
52.5443167,103.8882138
44.9417468,26.0236504
52.7723859,-1.2077985
48.9756423,2.3275141
49.9923181,36.2310146
41.1172364,1.2546057
48.0647729,-2.9675702
51.8995685,-2.0711559
41.6857693,-5.942315044623113
44.7737872,-0.5595029
48.7811049,2.2619632
46.0345572,4.0729178
-27.3664824,-55.894295
24.7978965,-107.393395
22.1459864,-80.4530775
-21.2908491,-50.34144
37.8275892,29.2389539
26.1805978,91.753943
31.7517806,116.534208
40.5491496,34.9602453
33.5914237,73.0535122
32.5866826,117.0130019
34.6196539,112.4477046
30.2489634,120.2052342
36.6522591,116.8955753
31.6190052,113.8203522
16.4119905,120.5933719
17.9640988,102.6133707
26.2037247,78.1573628
21.0283334,105.854041
30.9333642,113.5664812
38.8405638,65.80046230609103
29.4928874,60.8503017
34.947764,137.075563
30.3636097,48.2591475
40.822222,122.8275
5.3296461,103.1383265
17.7231276,83.3012842
8.8879509,76.5955013
26.2465946,50.6164127
32.9184422,116.0676049
27.898547,102.2627456
-32.2478964,148.6026502
14.4493717,79.9873763
-35.0247822,117.883608
-20.7289898,139.4931522
38.5896187,-89.420064
43.4112973,-76.1279841
38.783855,-90.481677
39.8454163,-88.9524151
33.6633386,-117.903317
35.595363,-82.5508407
34.8354577,-87.65968672516482
42.6414437,-71.3085329
41.083064,-81.518485
42.9832406,-81.243372
39.7990175,-89.6439575
32.182598,-95.7893178
43.7543311,-79.449109096412
42.9632425,-85.6678639
43.5896231,-79.6443879
30.5085915,-97.6788056
32.7355816,-97.1071186
32.7174202,-117.162772
32.2228765,-110.974847
42.3315509,-83.0466403
44.9772995,-93.2654692
35.2272086,-80.8430827
42.3167397,-83.0373389
37.0914429,-76.5213892
33.1958696,-117.3794834
49.1913033,-122.849143
29.4246002,-98.4951405
41.2587459,-95.9383758
39.2908816,-76.610759
32.7762719,-96.7968559
51.0456064,-114.057541
32.2998686,-90.1830408
41.8755616,-87.6244212
41.5538091,-73.0438362
32.77725975,-97.80455986920202
39.7886111,-82.6418883
29.340736999999997,30.620104467964623
50.7201514,-1.8799118
48.74289,-0.0223386
48.6302735,2.3027478
51.0538286,3.7250121
48.8012045,2.4309703
52.4130189,-1.7768935
42.6985304,2.8953121
54.7261409,55.947499
42.1359459,21.7177635
48.7079028,2.3890941
52.3567956,6.66725277634109
55.3997225,10.3852104
48.7615353,11.2580425
51.9244424,4.47775
54.710128,20.5105838
45.756655699999996,9.754219200862249
41.50281055,15.452899609627728
50.0012314,8.2762513
,
41.1300103,-8.6058415
45.1950183,5.6869624
48.8250508,2.273457
52.17957375,5.930077460807249
54.4649331,17.028073
55.678016,12.5326186
45.84264135,15.962231476593626
46.8054064,4.4285961
53.6466645,-1.7822482
50.0165178,6.4184628
48.8681762,2.0965935
53.2005936,5.7918548
44.8582,44.1829
56.4605938,-2.97019
48.9250016,2.2105491
48.0944459,-4.3311243
44.1767161,28.6507598
41.9842734,12.6953191
48.7995951,2.1730571
47.9960901,7.8494005
61.0014937,11.16479641006573
45.7578137,4.8320114
49.8465253,3.2876843
49.458056,3.279444
47.425618,9.3762397
49.9427202,11.5763079
43.2073873,27.9166653
49.3837621,3.327613
49.8349139,18.2820084
50.7702648,15.0583947
47.3744489,8.5410422
43.2957547,-0.3685668
41.1079984,14.2097176
57.0088004,40.96306331898382
35.29291145,-2.950720236037561
54.5101087,36.2598115
40.3070639,-3.7331808
51.9625101,7.6251879
43.6776223,4.6309653
49.8607809,33.7498787
51.5754602,0.4757363
59.8586126,17.6387436
47.4991723,8.7291498
42.7751102,11.287804427628437
33.4035124,49.6921874
4.8546772,100.7438831
24.471153,39.6111216
13.0836939,80.270186
3.1516964,101.6942371
31.9853304,44.9236266
35.755838,139.736687
34.8153529,134.6854793
-35.115,147.3677778
29.394644,71.6638747
36.1911744,44.0094145
34.261004,108.9423363
34.7386033,135.3394138
29.6060218,52.5378041
23.699127949999998,85.99106894165021
-41.2887953,174.7772114
20.2585033,76.97657401490227
36.4441808,115.9642007
23.246071,107.2297041
32.4579729,119.9181174
22.333778,91.8344348
8.4882267,76.947551
42.432497,142.218414
21.2737079,110.3548318
34.430195,70.460128
39.185172,27.6088792
-38.1381493,176.252922
27.1752554,78.0098161
3.7985637,103.32199
21.8603337,111.9776773
41.6934591,44.8014495
36.343694049999996,43.099715597302286
31.176413,113.922434
36.515854,48.4777616
35.4913132,112.8454497
41.4920433,32.3636116
28.6472124,116.0348483
31.4602714,104.7160723
34.3323227,108.7128495
-34.8741198,150.6004709
-8.6524973,115.2191175
35.0947913,116.6666407
36.3497007,127.3849016
31.8122623,119.9691539
-38.661326,178.0206487
6.9388614,79.8542005
34.8812905,135.6012398
-41.1797561,146.3613011
10.0107104,105.0832623
27.1793466,56.2781423
38.8051095,-77.0470229
34.729847,-86.5859011
40.735657,-74.1723667
35.1460249,-90.0517638
36.0625843,-94.1574328
37.5385087,-77.43428
28.0394654,-81.9498042
32.6098566,-85.4807825
26.1947962,-98.1836216
40.6736812,-73.6190736
38.2542376,-85.759407
37.6922361,-97.3375448
32.753177,-97.3327459
34.0003117,-81.0331309
33.7489924,-84.3902644
31.8457149,-102.367687
48.4594315,-123.376494
36.1672559,-115.148516
37.130408,-121.6544974
45.5202471,-122.674194
42.8867166,-78.8783922
35.20729,-101.8371192
27.9477595,-82.458444
37.7792588,-122.4193286
30.4380832,-84.2809332
46.4195913,-117.0216144
27.2939333,-80.3503283
38.6280278,-90.1910154
41.001415,-80.350071
52.131802,-106.660767
47.6694141,-122.1238767
43.2128473,-75.4557304
3.7990131,10.1265567
-18.0143462,31.0726737
-17.831773,31.045686
-11.6642316,27.4826264
9.7106683,1.6651614
15.780477,38.453606
12.3681873,-1.5270944
51.8359553,8.0255988
51.1721629,7.0845893
40.8358846,14.2487679
49.9927036,8.6671682
45.1031731,24.3647209
53.1443785,-1.1964165
48.9891693,2.3197111
53.1389753,8.2146017
48.8122302,2.3872525
,
,
,
,
,
,
,
,
,
,
,
,
,
10.103348,-85.41529423211631
-21.1776315,-47.8100983
13.148473899999999,-86.47127070158021
-23.54888,-46.933889
-18.666667,-67.666667
21.2822136,-89.6636637
-25.4295963,-49.2712724
19.292545,-99.6569007
-3.7304512,-38.5217989
-34.6648394,-58.3628061
19.4838908,-99.1843937
6.4990718,2.6253361
38.0664691,34.7051438
41.0372501,42.7462189
40.9247539,29.1310782
53.4242184,58.983136
-5.8951725,22.408589
52.4082663,16.9335199
0.0470732,18.2564803
38.9240528,27.8401895
9.4051992,-0.8423986
37.1596239,38.791929
,
39.9207759,32.8540497
32.8191218,34.9983856
43.6534817,-79.3839347
34.02236,-6.8340222
10.3825318,7.8533226
41.0265498,29.0151321
,
35.7044415,-0.6502981
38.5810606,-121.493895
36.5277607,-87.3588703
40.0455918,-86.0085955
33.8503463,-118.117191
42.138889,-87.9310944
39.9829308,-75.7652424
47.6571934,-117.42351
42.3656347,-71.1040018
34.7465071,-92.2896267
29.2836281,-99.1126826
39.7459468,-75.546589
36.0525993,-95.7908195
36.7168315,-76.2494453
39.6482059,-104.9879641
33.4484367,-112.074141
34.9873822,-90.0034862
34.0550328,-117.1827445
42.2509914,-71.0037374
44.9497487,-93.0931028
38.4493315,-78.8688833
38.2856247,-85.8241312
-34.2870772,146.0551022
29.1223198,105.0434604
28.879655300000003,78.80953353954959
8.1880471,77.4290492
30.9328198,108.692093
23.7302149,86.8396711
24.7991162,93.9364419
43.4714722,10.679791173704576
38.758959,-9.2365233
51.58561845,5.0660616131367675
51.1525648,11.8099186
40.1888604,-3.67143
47.8650984,1.9015752
48.1747684,6.4503643
40.9965446,15.1405690365004
51.9300454,4.386451052615731
44.364060699999996,12.059009490863945
50.32053,2.25255
53.3670541,7.2058304
43.946543250000005,12.630749019254939
-7.8424353,-35.7539722
-15.2315171,-59.3349512
19.3498606,-99.1619751
6.7940425,-70.49549534649238
15.6127426,-87.950694
22.1796002,-100.9361457
-34.6126025,-68.330514
19.1916095,-99.0233759
-12.23721645,-38.9575022937003
-26.0790979,-53.0533527
-7.193241,-48.2018597
22.9613562,-82.1518012
19.67091,-99.0857988
25.5732473,-103.494779
-16.3766148,-39.586449
20.2126686,-75.9973941
2.9257038,-75.2893937
23.0469236,-81.5783032
6.334997,-75.5582665
22.406628,-79.9651013
-19.968056,-44.198333
-41.471798,-72.9395915
-16.3332828,-48.9525756
13.9947753,-89.5566069
19.7027116,-101.1923818
10.2028617,-64.6307626
18.4272786,-68.9734597
18.2101889,-71.1012325
-22.5427739,-44.1691871
-12.9822499,-38.4812772
-7.1215981,-34.882028
27.4930246,-99.507425
-3.9861769,-79.2033232
19.0520669,-70.6316324
11.2320944,-74.1950916
-32.8894155,-68.8446177
41.034547,28.8567558
48.9224763,24.710334
-2.5196915,32.9014417
32.1060708,20.0666748
64.543022,40.537121
17.333333,42.666667
41.960922,12.798884
48.7945413,2.3340758
48.9082988,2.5034999
51.7728245,19.478485931307937
49.0629553,33.403516
50.6193174,3.1314002
51.41716055,21.160944780832743
45.5872259,5.2828123
52.1521636,9.9513046
48.8262055,2.5406696
44.0376696,10.0455044
55.9340823,23.3157775
53.824548300000004,-3.037319995021968
50.8775239,5.981506585454879
59.361367,18.0013693
49.0285536,2.3278097
48.8841522,2.2368863
50.9777974,11.0287364
-30.3154739,-61.1645076
21.0166683,-101.854624
-30.0324999,-51.2303767
20.1732838,-97.1986805
19.4344012,-100.355314
19.333333,-96.666667
13.3714203,-87.071395839806
-22.441869850000003,-44.42048471183837
16.6835469,-92.61551841991157
16.753801,-93.115959
-5.1904332,-37.3443872
20.521788,-100.8140458
19.4460597,-72.6884336
21.7322483,-79.62330349686954
4.536307,-75.6723751
19.25113375,-99.5937281303492
20.0839585,-98.3635381
-1.2927031,-47.9223903
7.16698415,-73.1047294009737
10.9149593,-74.7821054
29.3248796,-100.9322287
-20.075556,-44.576389
10.2807069,-61.4645896
10.1326932,-64.2576385
11.0101922,-74.8231794084391
20.537657449999998,-97.44512479987276
-3.204065,-52.209961
32.6405247,-115.474899
-20.4164353,-42.90878
-30.7054363,-69.1988222
20.3452734,-77.1199723
-12.0522626,-77.1391133
4.5664176,-75.7507081
-29.1685045,-51.1796385
13.7126863,-89.17374
-26.9195567,-49.0658025
-34.7274904,-56.2164982
9.3553005,-79.8974085
-5.0874608,-42.8049571
37.0628317,37.3792617
35.1799528,129.0752365
38.0211951,32.5224943
-33.3267797,115.636698
21.2094892,72.8317058
36.9786591,120.7068644
22.8571157,88.3971976
34.2922623,48.8215749
19.29019805,76.60264434278307
49.1767322,74.1811272
40.3873572,116.6833875
34.580779,135.546552
45.7593633,126.6276177
40.6174777,109.944912
20.2602964,85.8394521
43.7703784,124.7656749
30.25,75.0
-23.6983884,133.8812885
11.9132391,-85.88301185234297
14.3022857,-90.7866243
-9.6016711,-35.9511275
10.5060934,-66.9146008
21.121965,-101.6829766
-22.73783085,-42.0240869355641
-22.97056,-46.99583
19.0084963,-98.9971161
31.8576164,-112.8388662
15.474779049999999,-87.75599487884675
25.808517,-100.3224334
32.4822164,-114.7816893
20.2996013,-76.2441035
-36.7144863,-73.1141087
23.7389846,-99.1441352
26.0907673,-98.2788191
13.0977832,-59.6184184
-22.821635,-42.99567968770695
-10.2872341,-36.5819262
20.6559593,-74.9430494
25.7928058,-108.990188
10.6498095,-71.6443596
-8.0584933,-34.8848193
10.2172127,-67.8836179
25.6640932,-100.237884
19.3541295,-101.175498120973
18.3466358,-99.5376944
-17.401245799999998,-66.16756808852
22.5040475,-83.5154619
-7.8354423,-34.9061125
5.0743694,-75.50811667440546
25.5738,-108.4674697
20.9670759,-89.6237402
-22.9364,-45.4622602
10.0774374,-69.3222293
-5.5836157,-36.9139541
5.3356662,-72.3936931
24.7358854,91.6852476
-37.7878809,175.281788
37.90670435,69.77616526823888
34.4168215,115.6507447
2.9751828,99.0789164
43.2363924,76.9457275
-0.0226903,109.3447488
51.7275817,75.3288511
-40.356317,175.6112388
34.0747444,74.8204443
34.7333334,36.7166667
41.2921601,123.7593948
-33.713759,150.3121633
1.6631967,101.4470369
-6.5962986,106.7972421
25.3356491,83.0076292
23.0,76.166667
31.6343083,74.8736788
32.482245,44.4328131
16.9437385,82.2350607
22.9372087,89.2852741
22.5198217,82.63500285150224
48.9759637,2.1998877
44.766764249999994,11.827938995640167
51.5380394,7.219985
-3.1316333,-59.9825041
21.197504,-76.6018039
16.2706436,-61.5057749
19.166667,-104.0
-19.875834,-44.984166
-12.068098,-75.2100953
-31.7330145,-60.5298511
31.795708349999998,34.64888312627462
40.8337963,111.6730788
28.1608671,115.7660799
-9.4743301,147.1599504
34.4857039,133.3623097
38.5000458,27.7084176
39.2998339,-75.6046494
7.3786064,3.8969928
12.5630825,7.6207063
44.136352,12.2422442
51.2918693,-0.7539836
-33.3277089,-60.2165909
23.553156,116.3680354
33.2002659,-95.2231752
-29.7544405,-51.1516497
,
52.4238936,31.0131698
-31.965,141.4511111
25.0363006,102.7086139
-6.9199289,106.9265095
16.8269911,75.7175387
35.7803977,-78.6390989
19.394647,-70.5261566
-20.1053948,28.5426856
-9.535332,16.9364293
41.1555564,1.1076133
48.8565557,2.5290045
56.6370122,104.719221
47.9960325,-4.1024782
48.3058686,38.0027664
49.4892913,8.4673098
-41.5118691,173.9545856
17.4820942,78.414501
14.4809012,120.9817861
36.1830167,113.0992929
43.8844201,125.3180998
40.3755885,49.8328009
24.089019,38.0687076
33.4842109,48.3538276
41.5754767,120.4390738
31.9525495,104.9347205
2.718407,101.94106957295432
37.0288825,35.8124428
17.9820644,79.5970954
10.8067917,78.7039861
0.5262455,101.4515727
36.6802602,117.0590968
-36.1205539,146.8880837
26.8381,80.9346001
26.082989949999998,86.03249509324232
25.3868287,68.3714971
1.5597561,110.345397
33.2619055,115.3540362
46.318105,126.207599
-37.8246698,140.78195963207457
28.3761941,121.3808408
-37.7068658,144.5454255199667
22.5816619,113.0761073
29.0018557,77.76796714992041
39.361093,117.8748363
36.2974945,59.6059232
39.0733839,63.5831564
-33.0382085,137.5843572
-38.1946441,146.5382327
41.7571701,-88.3147539
44.9391565,-123.033121
42.5453988,-6.5935576
43.3383176,-1.7888095
43.51714415,11.763928194732205
37.6127773,15.1658804
52.5847949,-1.9822687
38.3436365,-0.4881708
48.4049375,2.7015872
44.6158659,33.524542
16.1825,-95.195833
-2.1900563,-79.8868741
-23.425269,-51.9382078
-33.6095279,-70.5754736
22.5000001,-100.4949145
18.5116478,-69.4799563
-4.2625218,-55.9878139
28.704596,-100.5167137
-34.170249,-70.7407427
13.670259999999999,-89.24631832742003
25.6745052,-100.4616371
-13.8604033,-40.0719627
18.2777204,-70.3320746
14.4792381,-90.6195248
-12.7867839,-38.4030365
-27.0922364,-52.6166878
-27.4510993,-58.9865196
-2.7541271,-42.8259693
-32.3217257,-58.0892136
-17.8783829,-51.7204241
-22.5783685,-44.9642044
-31.5,-55.25
-29.7560726,-57.0867546
-9.754866,-36.661471
-25.3950986,-51.4622016
19.2972812,-70.2533206
-31.4166867,-64.1834193
19.0,-90.5
-26.9046787,-48.6552979
10.2217183,-67.4865808
-13.2498754,-43.4101019
-26.9307306,-48.9566824
-19.3816944,-40.0612213
22.3331665,-97.8710378
-14.792599,-39.0453843
-23.7621152,-53.3116192
-23.1867782,-45.8854538
-23.6544825,-47.220856
-24.008979,-46.4144939
-12.6722649,-39.1053665
-17.7834936,-63.1820853
-16.0496528,-48.0304615
-22.2343858,-45.9327241
-11.1851561,-40.5112434
-25.2800459,-57.6343814
-5.0099903,-80.9733735
25.7816542,-100.1887501
20.3734356,-76.6492015
17.9956926,-76.9540831
-23.6533509,-46.5279039
21.8420439,-78.7602038
25.542698,-103.410512
-5.1455607,-38.0984936
-6.8897849,-38.5570389
4.8143159,-75.6946778
-12.6998188,-38.3260762
-20.5381768,-47.4009795
-21.9349129,-50.5141255
-21.7609533,-43.3501129
-6.25,-78.833333
-20.4252908,-49.972028
20.6407176,-105.220306
12.77779615,-87.26958404801493
-7.1301631,-34.936532
-23.6041314,-69.0842783
6.920950550000001,-75.7820611226417
-10.8778148,-61.9277854
18.8972366,-71.32585000300287
-21.207992,-50.4390225
-29.9216045,-51.1799525
21.1618955,-86.8514988
7.7756663,-72.2214154
-5.8154034,-46.1361454
39.3303066,34.1265884
5.8391274,118.1158598
37.9404648,58.3823487
23.2203973,108.8061526
25.7561647,112.72964
-41.2125751,174.9057626
-37.5623013,143.8605645
14.2060217,121.1556496
33.9876533,51.4428856
31.9515694,35.9239625
25.407682,49.590284
32.0406164,54.6657189
29.9784008,40.2047701
43.2564906,118.9759212
30.9090157,75.851601
34.486732,46.80872698861859
-0.9247587,100.3632561
22.3116452,114.1767885
53.29653915,69.41087047328548
37.9097512,28.3242062
33.1154683,129.7874339
39.4191717,37.1012388
27.178397150000002,78.38936471833091
24.5438732,118.0768065
29.2907774,121.4252252
11.2450558,75.7754716
35.9094557,117.7620286
37.3132581,40.7354383
19.2396742,73.1366482
48.8356649,2.240206
46.5446253,24.561196
48.0713844,37.740801623449656
36.6816936,-6.1377402
51.4696137,6.8514435
49.0508845,2.1008067
51.1103444,-0.1801094
50.6691577,3.1312447
55.0505685,60.1087125
46.6167284,13.8500268
56.1288899,40.4075203
46.1934005,6.2341093
49.1196964,6.1763552
48.892956,2.2881683
45.5844238,4.7696529
50.5955595,36.5873394
51.43779,7.7953822
8.9453238,-79.6422757
-32.9593609,-60.6617024
-32.4851849,-58.2320232
-33.0244535,-71.5517636
19.0913792,-102.3537356
18.9109158,-103.873409
-20.3200917,-40.3376682
-1.0528066,-80.4534269
-14.8349438,-64.9044936
-28.2550598,-52.3966606
-10.9162061,-37.0774655
18.4633672,-95.19831533920046
3.2618357,-76.5407975
18.4599877,-97.3903616
21.3567286,-101.935294
-9.7831115,-36.0967804
13.7206461,-89.7274817
-8.2372132,-35.7558262
9.9674277,76.2454436
-46.4118465,168.3470632
36.0615192,103.8318849
36.7797231,37.1416892
37.8646916,42.0510294
23.656593,116.6204223
39.90632,41.2727715
-37.6859006,176.167505
27.7004292,68.8664623
12.3051828,76.6553609
16.7028412,74.2405329
35.2075729,113.2533977
,
35.678278,139.871091
41.3680217,33.7619177
46.7207737,-92.1040796
50.4479733,-104.6158764
45.5031824,-73.5698065
33.4255117,-111.940016
35.0841034,-106.650985
29.1589961,-98.1251465
32.7666103,-96.599472
38.6786109,-121.7733285
33.2336952,-8.500424800741666
18.2164282,42.5043596
36.2036546,36.1637648
8.3925728,-8.8572519
-10.9891601,26.7397418
26.1223084,-80.1433786
34.1476507,-118.144155
33.1665316,-100.7846477
44.8016255,-68.7713289
40.7992398,-74.4774358537687
25.9873137,-80.2322706
36.1622767,-86.7742984
33.7494951,-117.873221
33.9528472,-84.5496148
25.7741728,-80.19362
41.8878145,-87.7887615
44.9597858,-89.6272791
37.5482697,-121.988571
43.0386475,-87.9090751
44.650051,-93.2432791
35.996653,-78.9018053
30.5515037,117.0600515
37.870009,112.5452739
18.6229526,73.8025117
35.729412,139.928568
45.7392306,3.1962804
43.3618625,-5.8483581
45.7774551,3.0819427
51.4816546,-3.1791934
51.897077,-8.4654674
51.5718665,6.9877343
42.10269285,14.41590530501923
48.3059078,14.286198
47.514728500000004,4.021844858050334
44.0175835,1.3549991
40.7778499,8.9219725134863
-34.9206797,-57.9537638
-15.5986686,-56.0991301
10.8653387,-74.7746194
43.6463558,0.5850507
37.6712139,-1.6990431
51.4627405,-2.5083916
43.5374662,6.4627333
48.4716556,7.944378
22.1428707,-100.9052342
22.1067153,-78.6269737
-4.0479885,-40.8643005
20.943727,-101.427043
6.5536094,7.4143061
-4.05052,39.667169
26.76246285,32.090993613434186
51.6553875,-0.3957425
43.9277552,2.147899
38.8308741,-9.1684512
45.7733573,4.8868454
53.2878082,-6.362355
58.9699675,5.7318101
48.927439,2.0428293
50.776351,6.083862
58.050373,38.834637
36.4646672,-6.1983492
50.27034825,18.864387901747556
49.872775,8.651177
49.6302618,8.3620898
48.917335,2.5298854
52.514565250000004,6.097720359677693
48.8709053,2.2255727
48.8214478,1.9871825
51.3331205,6.5623343
14.6027962,-61.0676724
-23.3050682,-45.9723075
10.4265566,-75.5441671
18.432172700000002,-70.0310060487165
-37.4707455,-72.351686
10.2375144,-67.5890216
45.7703578,131.0066556
39.6295951,118.1738712
23.7497214,91.87663495294915
22.6950342,88.4073585
39.8853321,32.8554966
42.6345121,124.2858328
39.5400798,28.0228793
10.791526650000002,77.53254662905589
29.9856799,77.50406459058038
32.436328,111.756394
15.1433952,76.9193876
30.7563939,-94.3984613
35.8272257,-90.6949871
45.6306954,-122.6744557
37.2333253,-121.6846349
41.1496775,-81.2082
47.7623952,27.9286022
45.5548793,18.6953685
48.917267,38.4285981
-25.3455354,-57.6261456
26.2967719,73.0351433
32.7678288,-117.0230839
50.2598987,19.0215852
22.4732415,70.0552102
38.6582232,35.5546374
21.420847,39.826869
29.2995746,104.6928392
21.1305215,74.49006143365727
-35.7275268,174.3194202
31.8665676,117.281428
36.6107711,114.4857072
35.6630196,-95.3927706
35.8460396,-86.3921096
30.6913462,-88.0437509
42.1205411,-72.7489158
38.8838856,-94.81887
29.9978185,-83.2221527
49.8955367,-97.1384584
40.9167654,-74.171811
33.7690164,-118.191604
34.0980031,-118.329523
44.230687,-76.481323
39.8005505,-105.0811573
52.4760892,-71.8258668
33.6795531,-84.4393724
33.9562003,-118.353132
40.08067,-76.2411283
32.7995738,-97.2691817
-25.966213,32.56745
53.4241208,-3.0394101
48.9717267,2.2568296
55.4664892,8.4520751
-31.7699736,-52.3410161
27.8761073,78.13581531245276
26.3961542,50.0476816
43.7289674,126.1997366
31.196549,-86.4597236
51.6579147,6.9705057
50.03683,2.1223737
46.8425572,-0.4929017
46.3731303,6.4779448
-37.9977225,-57.5482703
4.5821413,-74.2197178
-20.2140657,-70.1524646
-21.0901253,-45.5660195
-23.8431724,151.256132
27.633333,77.583333
21.15454115,77.64429617998744
30.72984395,76.78414567016054
32.5007031,-94.74049
42.2505943,-83.1785361
35.4729886,-97.5170536
28.5421109,-81.3790304
-23.86996285,35.310326824828735
48.7711323,2.5221284
52.383705750000004,4.643559696559635
43.0396042,-7.456607166509571
40.7399963,-2.505930025884726
-33.0458456,-71.6196749
19.63422625,-99.3695564379207
-22.8057839,-45.1908926
42.7284117,-73.6917878
47.6379599,6.8628942
35.6892523,51.3896004
28.45823445,79.40474517998476
35.699997,139.988668
23.0205969,113.7457788
12.2431693,109.1898675
34.5431964,118.7474407
-39.4902099,176.917839
25.2856329,51.5264162
,
51.8111545,76.4285287
47.7363891,124.6567611
29.8437545,114.3169418
33.8347516,-117.911732
35.2521996,-92.6888936
31.7601164,-106.4870404
41.8239891,-71.4128343
43.157285,-77.615214
33.7219991,-116.0372472
42.5267443,-71.7614891
30.2711286,-97.7436995
40.7596198,-111.886797
31.5491899,-97.1474628
41.7003302,-88.0717708
34.8253019,-116.0833144
28.678013,-81.511398
26.0061943,-80.2872086
47.9793437,-122.2127011
-15.2669341,12.7064561
-0.1029109,34.7541761
9.3070698,13.3934527
48.0777517,7.3579641
41.2476307,14.705705363146528
48.8897751,2.4516055
48.6943793,2.2953297
50.3008642,6.7397609
52.85902245,-4.107237683664799
45.4934683,6.2282666
48.7921098,2.3633048
37.283689,-5.9226718
36.5659626,53.0586327
30.197838,71.4719683
33.2185408,130.1296585
25.4381302,81.8338005
47.6144219,-122.192337
36.9903199,-86.4436018
-12.9693056,28.6365894
14.514489000000001,-3.646458060483871
40.7879211,14.3682813
41.6867015,12.7770433
41.313255,19.4462348
27.9216441,-110.8994059
34.604167,114.497222
-35.3524518,149.2337634
34.1469416,-118.2478471
33.9242688,-84.3785379
6.6985605,-1.6233086
50.735851,7.10066
45.6950021,4.7928827
48.8478753,2.136145
48.8188544,2.3194375
46.2575174,5.6556181
49.0068705,8.4034195
37.6574267,-5.5275818
48.922788,2.2543577
52.4689235,4.773783522451712
36.4268068,-5.1468484
-9.0744966,-78.593609
20.9876996,-101.0
-11.72794,-49.068046
-7.3262484,108.2201154
19.9615591,73.8316941
14.6331084,121.0993541
33.0115818,114.0164565
42.4067626,124.245093
29.5541432,-81.2207673
43.8975558,-78.8635324
38.0686668,-78.8893999
42.2966861,-89.6212271
34.4263886,-117.3008784
41.6735209,-72.9464859
-3.3247398500000003,114.59750526571096
-10.73864205,25.49482437283848
38.6852161,-4.1111749
-13.417488,-76.1325726
33.750440499999996,2.6431093610595155
-26.5416667,29.0747222
-15.4163395,28.2818414
51.522743,-0.7197368
53.8949515,25.295719
50.4291723,2.8319805
52.9534193,-1.1496461
50.8526637,-1.1783134
53.3421509,-2.7334941
39.6792916,-0.2786451
43.5515198,7.0134418
45.939475900000005,9.149410132545793
53.749326,-2.4840566
42.2376602,-8.7247205
50.6612623,6.7871219
49.0932008,1.4857205
51.283714,37.53466
50.0596288,14.446459273258009
50.8153071,7.1593271
50.879202,4.7011675
53.7907262,-2.2439196
53.2423778,34.3668288
47.0708678,15.4382786
50.8550018,4.3512333761166175
53.7089898,9.9891914
51.44855695,5.450122521857143
-20.666667,-66.666667
3.5308373,-76.2988048
-2.5295265,-44.2963942
19.708069000000002,-99.1317328628983
22.0313859,-100.906127
-26.7737784,-51.0134844
-5.0,-80.333333
-20.0214251,-44.0621506
17.6467874,-101.551974
7.8342202,-72.5059128
-22.6029897,-48.8031367
-3.5186763,102.5359834
29.6803266,76.9896254
39.9389127,116.09504
37.1060904,58.5086657
28.739459150000002,77.83517038273197
30.6013439,104.1143806
18.2986924,109.4886823
30.7904211,93.1447641
35.4323116,48.5665104
41.0343053,113.1111142
32.7185614,74.8580917
26.3013982,-98.1624501
33.6680772,-117.3272615
39.7683331,-86.1583502
40.6022059,-75.4712794
32.7459645,-96.9977846
41.6362152,-70.934205
37.9716898,-100.8726618
43.8122836,-91.2514355
40.0996009,-83.1135563
37.4863239,-122.232523
35.0457219,-85.3094883
33.4151005,-111.831455
39.158168,-75.5243682
38.3172715,-88.9031201
36.2005843,-115.121584
42.5846773,-87.8212263
41.4996574,-81.6936772
33.4355977,-112.349602
44.5126379,-88.0125794
41.7728699,-88.1479278
42.0700662,-87.8114044
42.3652518,-71.1843236
40.2203074,-74.7659
35.3738712,-119.019463
33.0136764,-96.6925096
35.2702448,-106.6329806
38.1040864,-122.2566367
32.5066112,-93.65149358770904
43.8563707,-79.3376825
39.1670396,-86.5342881
40.8871438,-74.0410865
44.4761601,-73.212906
41.6529143,-83.5378173
34.4221319,-119.702667
29.396013,-94.9175485
41.5623178,-72.6509061
42.0470043,-87.6846053
44.0505054,-123.0950506
30.421309,-87.2169149
47.8105738,-122.3774952
41.6086711,-88.2054345
26.5256179,-80.0666026
29.6657838,-95.0193729
32.8295183,-96.9442177
33.9597677,-83.376398
32.299424,-9.239533
31.385726,-2.011595847987405
3.8689867,11.5213344
5.1128008,7.3651376
2.919384,11.1516632
7.1547129,3.3467344
28.83826875,30.854476821535407
10.267607,13.264359
0.5184021,25.2057292
10.6248355,-9.3175166
-26.095556,27.775556
-4.0969028,12.4915233
51.8464881,4.3287681
52.1363806,-0.4675041
37.9923795,-1.1305431
51.5623618,6.7345106
48.9931578,1.909928
46.769379,23.5899542
53.132398,23.1591679
50.9444948,3.124765
50.6026031,3.0697877
53.5527719,-1.4827755
52.5110832,-2.0816813
41.667529,12.5047863
43.6589011,6.9239103
45.614003,5.1580574
50.025988299999995,20.96405842696229
44.97720615,12.274190436964231
44.5391105,18.675193
47.8507859,35.1182867
42.444553,27.208264534658166
51.451283,6.62843
46.623943,14.3075976
45.1875602,5.7357819
40.423802,-3.5552882
51.4370171,7.335124
36.5388398,-4.6233974
48.7698937,2.0381228
47.9309156,1.9208883
53.2352134,-1.4264097
38.4789671,-0.7956759
48.9637589,2.3601022
43.1837757,3.0041906
51.2085526,3.226772
43.4487615,3.7530636
48.6047148,7.7484488
53.9466992,9.8274028
45.6496485,13.7772781
49.8941708,2.2956951
-3.7300563,-38.6593082
-28.99565115,-57.81245796667342
-1.2891626,-47.891866
26.8999988,-101.4171173
2.8208478,-60.6719582
-5.805398,-35.2080905
-22.5075743,-43.1785356
23.03714,-81.2025816
-21.2254524,-43.7735087
19.3572429,-99.2996246
-21.252037,-48.325223
-23.5234284,-46.1926671
-23.564114500000002,-46.43473669552859
6.0383525,-63.45439437725708
19.705518249999997,-99.16662568774402
-7.900719,-34.898389
4.4386033,-75.2108857
-28.3878734,-53.9201692
23.2584857,77.401989
19.3025562,73.0588072
34.9648428,136.624845
30.4333105,48.1779858
13.1193746,80.1507648
36.4718947,52.3499009
39.090713,35.5674921
38.6093916,27.0664452
-28.77035,114.6147159
40.3554705,27.9697603
42.9047508,129.50441
23.5882019,58.3829448
37.1302916,62.4019513
37.0733588,36.2507673
31.9461316,49.3013154
16.2915189,80.4541588
32.6156423,44.0348194
34.0862719,49.6893884
28.1450774,113.2384362
35.6971642,111.8339712
35.7879371,139.903177
39.9489423,32.6620792
23.1125153,114.4127007
33.9577116,130.9415455
38.0429742,114.5088385
11.0018115,76.9628425
42.3222599,-83.1763145
39.962493,-76.7276989
34.0553813,-117.7517496
29.8298971,-97.5959641
35.2622654,-81.1838186
43.4200387,-83.9490365
49.2608724,-123.113952
41.4673238,-82.1781904
33.5855677,-101.8470215
46.8602081,-71.0065238
40.9312099,-73.8987469
32.3669656,-86.3006485
38.7521235,-121.2880059
40.8832318,-72.8578027
41.5868654,-93.6249494
43.1009031,-75.2326641
44.7319094,-93.21772
47.2868352,-120.212613
38.7566055,-90.42352
45.4307473,-122.771933
42.2713945,-89.093966
42.4268484,-71.0683741
-29.116395,26.215496
35.3384291,5.731545299000572
13.0611195,5.3152203
-26.3177778,27.6519444
36.8002068,10.1857757
13.501206,7.102534
-12.9104657,14.0356608
51.0181448,-4.2064223
48.3551962,10.9786498
49.3704071,7.1294088
45.2890106,21.8877676
48.8716626,2.4875193
49.1460831,0.2255168
46.29137065,21.892518503111187
48.3849647,2.9557006
48.7497621,30.2203052
48.5748229,13.4609744
45.611932,8.8518269
48.5345222,37.6985827
50.3270926,3.3943729
47.0811658,2.399125
48.9582708,2.8773541
51.5111014,-0.5940682
51.4564242,-0.9700664
36.7753425,-2.8168228
51.7567447,14.3357307
37.3688301,-122.036349
32.9537349,-96.8902816
34.2157064,-92.0140402
27.5056251,-99.5074517
41.6611642,-86.1807031
7.3211536,13.5878214
8.8881938,-12.0441862
-8.6131228,33.3341957
8.4963657,4.5480484
9.9175125,8.8979401
10.251408300000001,1.383540986380074
-33.0191604,27.8998573
11.5936903,43.1472724
4.5776155,13.6843792
30.418758,31.56463
53.6834599,23.8342648
48.1565472,14.0243752
44.4056615,0.7046455
49.0265888,2.2234971
,
55.1131951,61.6216332
42.876383700000005,-8.539081858079587
48.7709414,2.0706084
52.6285576,1.2923954
46.655945450000004,11.23021287087526
47.6565584,23.5719843
43.5761076,7.0191865
49.4704113,8.4381568
49.3382077,23.49923468666779
47.0245117,28.8322923
43.455613,5.4710661
47.0239064,4.8380426
9.1545319,-71.0975719
8.1758238,-73.3670106
20.0432964,-102.7235748
-22.7896225,-43.309929
18.5081738,-88.297144
-16.7273538,-43.8717676
-16.680882,-49.2532691
,
10.169534,-70.0728483
-23.6866428,-46.6246935
41.0342862,28.6801113
32.6938201,51.5254892
5.5528455,95.3192908
36.2134053,57.6808799
46.6738195,131.1331152
36.4021192,138.2490506
-39.6417678,176.8430781
35.3187279,-82.4609528
33.4942189,-111.926018
37.959055,-93.3334746
32.3643098,-88.703656
43.4652699,-80.5222961
35.9603948,-83.9210261
5.4758844,10.4217852
-4.5126571,30.0050533
-3.3638125,29.3675028
49.4300997,2.0823355
35.89442195,-5.355817352394269
39.2399728,9.1880967
40.6943046,14.4804813
51.0464747,31.8806289
50.0955793,18.5419933
50.8115402,-0.3699697
53.9590555,-1.0815361
43.4620412,-3.8099719
51.7520131,-1.2578499
41.7712145,12.2278855
41.3459033,2.0413673
42.4415238,19.2621081
43.8519774,18.3866868
25.7351594,-100.3319854
-33.2820463,149.0971567
42.5803122,-83.0302033
25.8575963,-80.2781057
33.3062031,-111.841185
-6.3099187,38.32619756583628
0.4086518,9.4418849
44.4784141,11.0090928
46.4660771,-0.8064003
51.999457199999995,4.362724538543995
50.1060835,1.8337029
53.1908873,-2.8908955
47.3898152,0.7189761
54.898614,-1.528827
51.3813864,-2.3596963
40.4707602,19.4912716
45.22086405,10.037037979628856
43.6121001,1.3282149
-22.7367652,-45.1070876
-25.5148822,-48.5226695
4.7002001,-74.2385058
-14.223066,-42.779943
40.7727796,72.34196601186889
-37.05995995,174.94454204129454
29.8622194,121.6203873
33.750631,-117.8722311
40.0271453,-78.5237447
43.685832,-79.7599366
64.563385,39.823769
-33.5922859,-70.7045838
33.6938118,73.0651511
30.5566998,114.3109847
36.3134398,-82.3534728
48.6371125,4.9473513
30.2305095,-93.2169807
14.2467437,32.9858537
34.226412,-5.711434
45.2566002,5.8490243
3.0199023,32.38825103502008
40.7740398,14.4774318
10.1796632,-67.4606765
-2.8974072,-79.0041726
22.8193063,108.3627211
33.5965685,-117.659405
51.4065052,-3.2666925
38.2851657,109.7290619
,
53.7440745,-1.5988598
-20.2859647,-47.1297737
34.0123846,71.5787458
7.0732333,-73.1689196
52.4081812,-1.510477
-1.8859597,30.1296751
4.8459246,31.5959173
50.3533278,7.5943951
51.5348835,7.689014
49.6112768,6.129799
54.9738474,-1.6131572
48.9461437,2.1450951
48.6762624,5.8941759
-2.5270459,-45.0866463
-19.0477251,-65.2594306
-25.3425224,-57.509397
,
,
,
,
,
27.6912954,106.9155974
39.1399187,-77.1929215
33.1580933,-117.3505966
39.4862777,-75.0254256
-33.9597212,22.4587148
53.4071991,-2.99168
43.8258118,87.5718176
30.20927775,76.33972313649818
4.6378368,9.4409446
32.334193,-6.353335
47.1615598,27.5837814
52.5410591,-1.3729379
50.291048,2.7772211
52.3994233,-0.728004
48.7712673,5.1623805
41.45952605,13.012591212188894
44.3535145,11.7141233
41.3246333,2.0952568
51.39244885,6.1511724144122955
47.4052448,0.6658199
42.483935,26.5105553
45.1481694,5.718687
47.35852355,-0.09309180982123931
48.0632359,8.4945022
51.4538022,-2.5972985
51.0862467,6.584893682540318
47.2971979,-1.4921233
52.1911849,-2.2206585
-23.5324859,-46.7916801
20.65232455,-101.16684156787477
36.6912955,53.5432769
10.91564885,79.80694879844232
20.4686,85.8792
26.204114,-98.2300605
47.4739884,-0.5515588
50.2092113,15.8327512
-26.7909093,-60.4410391
36.0726355,-79.7919754
-19.828707,34.841782
11.529684,-6.866325857692308
-2.7170632,35.6812537
8.98741755,1.1357851606872318
-12.5474926,27.8600422
7.1962012,5.5868016
28.2125404,30.912374098545786
-23.315278,30.725556
-22.5776104,17.0772739
18.061891799999998,-15.931148157832908
6.3330586,5.6221058
-12.9735551,40.5215098
7.6245894,4.7414655
-26.276849,30.1500153
34.1540811,3.492231
2.85795825,37.715489185900395
11.2849785,3.046420881638551
7.962065,-11.73665
50.4830626,2.02302
54.7833021,9.4333264
47.5581077,7.5878261
44.23836595,9.691232634547537
51.1933903,5.9882649
48.1351471,38.9198948
48.8908846,8.7029532
40.51731195,15.821608824871046
52.600853799999996,4.817099446443963
50.4652392,-3.5211361
48.31295,18.0894593
48.0706687,-0.7734022
47.5692061,34.3917272
46.0664228,11.1257601
52.23158695,5.173493524521531
48.8608712,2.5060144
54.9089186,9.7897999
55.8698007,12.8296734
49.0268903,1.1510164
48.5298611,7.7116218
42.9559744,12.7034782
40.8053613,14.347103624843179
51.0324743,6.9881194
52.2694897,6.236488550662333
52.8909181,30.0368186
40.2373952,-3.7718902
40.152217300000004,18.2260628338229
48.8051624,2.4197113
49.5557908,25.5923753
39.8560679,-4.0239568
49.2720766,2.469591
50.3675677,3.0804641
47.2233007,-1.6346964
48.9839674,2.6183971
40.6158967,20.7772187
53.4114462,-2.8382486
46.5218269,6.6327025
48.9076421,2.1492681
45.26925815,26.7748172789942
40.9651572,-5.6640182
49.0192178,2.0910817
48.681708,2.1701573
50.8286917,-0.1745744
50.4665284,4.8661892
48.716811,2.4879753
40.54881555,17.08058012454743
47.2654296,11.3927685
53.6829541,-1.4967286
43.6745265,4.1348062
52.9952273,6.560498
51.521581,6.929204
40.5400082,-3.6358494
55.7029296,13.1929449
43.9740957,10.868708114044026
48.4514803,-4.2557901
51.7511784,-0.472528
51.71895955,8.764869778177559
53.6153659,-2.1557561
52.2881045,8.9168852
40.2111931,-8.4294632
50.6915893,3.1741734
47.7961287,3.570579
47.9098024,1.8717431
49.1862822,6.8958562
50.9383226,4.0392147
50.6457022,2.9870927
52.535347099999996,19.713630138580008
51.0020038,5.8588913
48.2971626,4.0746257
55.7344985,24.3578055
37.9755648,23.7348324
49.1460165,31.2271744
45.7973912,24.1519202
51.7345329,0.4730532
51.3871701,0.5461611
52.451910299999994,4.603891145874141
49.0195333,12.0974869
53.4244939,-2.318415
-23.1887668,-46.884506
38.4583983,47.9313001
22.7191072,88.4826229
10.0364634,105.7875821
3.6063964,98.4899865
35.3126047,46.9978639
37.8568575,113.5739616
38.5824771,39.396179
42.2586461,-87.8407055
32.7931661,-94.344488
26.9342246,-80.0942087
26.271192,-80.2706044
30.6370152,-97.6775634
7.4090813,-7.5501702
-8.7351826,25.0032201
5.489736,7.0341973
53.3895177,-3.0248007
49.6902106,1.399492
56.0442098,12.703706
43.6293969,13.3966763
42.1418541,24.7499297
45.5946464,8.9181625
43.5653993,3.9017114
54.5760419,-1.2344047
51.6747074,8.347194
45.2716092,27.9742932
48.7038873,2.4605107
48.7876,2.39164
47.7354591,-3.4270534
41.7288939,1.8286765
49.8916044,10.8868478
0.8236934,-77.6349296
10.4350067,-66.8734682
32.365166,-117.0557923
13.6316368,79.4231711
22.8886213,88.4239345
29.034552,111.6928724
43.207178,-71.537476
35.1952327,-6.152913
7.5320603,1.1219479
11.5232142,7.307497
-25.5080556,28.0680556
43.5139051,4.9884323
60.3943055,5.3259192
38.9950921,-1.8559154
46.0603171,6.5804218
37.6152488,-0.9876857
44.017763900000006,10.454430026192636
47.1685211,-1.4722242
51.4007175,7.1862486
43.9098114,12.9131228
50.3575412,11.1691714
43.6690101,7.1906969
53.9921491,-1.5391039
38.878187,-6.9701115
45.8354243,1.2644847
17.5542149,-99.5048416
-3.7307332,-41.0004019
24.8596282,-99.5684539
-17.2174056,-46.8707514
1.6158666,-75.6143045
9.5507961,-69.2032823
19.127656950000002,-104.28412563007706
-18.9691887,-49.4639335
-38.3266551,144.3134076
20.76181225,77.1921156663574
-32.1820852,152.5131155
27.0637262,-82.3651631
34.7851861,-84.7352262
31.3271189,-89.2903392
42.9956397,-71.4547891
47.0451022,-122.8950075
27.7635302,-97.4033191
41.0751048,-111.9741925
40.5092961,-88.9843937
40.6061337,-111.9395211
38.0049214,-121.805789
39.9403995,-105.05208
33.4909405,-86.9702714
26.2445263,-80.206436
42.5489744,-70.8781883
40.9115386,-73.7826363
29.9387816,26.4894728
36.0026915,0.3686866818796205
32.9357718,-5.6696504
6.1461619,6.8019088
32.3745923,15.0905803
12.649319,-8.000337
36.75451150000001,6.885625492591183
30.4205162,-9.5838532
5.9614117,10.1516505
45.3869665,4.2858597
52.0553813,-2.7151735
45.0422947,23.2728118
42.409632200000004,-4.616100410293067
50.7226113,2.5360331
51.0147895,-3.1029086
50.9281717,11.5879359
44.7739701,-0.613907
49.8940442,28.5814912
56.4617545,10.0371476
51.494099,31.294332
51.9312552,4.5883596
43.5812868,7.1262071
37.7979221,12.4342091
25.6696972,-97.813557
-25.5861107,-49.4051209
-38.7176522,-62.2654871
-18.4785288,-70.3211394
29.8716577,-93.9332302
31.263235,32.305505
45.3170942,8.858603
49.1094836,7.0708865
48.26406,3.25604
53.3899497,-2.5943178
-22.0136831,-63.6781103
-23.588607,-48.048326
-20.6596107,-43.785743
26.715562900000002,79.09170983360895
29.060703,113.348653
33.8371392,-118.3413606
44.83495335,8.745030418605868
40.2337289,-111.6587085
10.4495706,-64.1578046
-12.3681241,27.8357281
13.8001844,-10.22455481493909
-14.4434056,28.4465166
43.1177238,5.8008839
53.6288297,11.4148038
51.3471927,-2.9778916
49.5544444,3.3705556
48.9921015,1.7353686
51.7624752,18.0895358
31.8658887,-116.602983
10.0805848,-69.1211307
-1.374035,-48.4016623
-22.2206145,-54.812208
-36.6066616,-72.1033194
-16.0686394,-47.9764907
-40.5732371,-73.1358145
-4.558259,-37.767894
-7.4194647,109.2218425
32.7875425,119.4326277
32.9139151,119.8476035
37.3324374,42.1854699
35.2693236,40.24011718509359
35.1594647,126.8515034
35.5391697,129.3119136
38.8339578,-104.825348
29.2108147,-81.0228331
34.0990995,-118.1085554
36.8529841,-75.9774183
52.5024789,4.9614827
24.1619948,-110.3158532
38.3249599,43.6589825
43.1579812,-79.2441003
31.5545973,-110.2997756
42.7337712,-84.5553805
51.148555,0.8722566
-8.3820737,-74.5387507
-8.1116778,-79.0287742
-5.1913822,32.5080629
-17.5833671,-71.2358866
34.851354,-82.3984882
10.4651733,-73.2529512
-26.955347,24.7300938
35.570175,-5.3742776
-21.456444,47.085149
-5.0383083,18.8178447
-10.2044875,31.1877186
-26.4958706,31.3695887
44.4347105,5.9496043
44.3190159,23.7965614
51.9227863,4.329563378870851
19.764922,-97.12807451269066
-34.5973311,138.7448933
8.5495014,77.58051775636523
-0.9051548,119.8722373
28.9366395,53.6510677
37.4477712,35.8167812
-32.8316667,151.3511111
35.3283255,51.6460307
35.7631348,115.0234071
-40.6218161,175.2865854
38.18521005,34.20863926658449
32.1088611,34.7950946
36.303625350000004,41.86303454127866
23.6871297,86.9746587
30.0860459,-94.1018461
33.8455911,-118.3886766
38.029306,-78.4766781
43.8801166,-79.4392925
43.7941544,-79.5268023
44.3048009,-78.3199496
50.5456179,8.1025344
48.9026,2.30551
51.702052,-0.0335908
50.7826693,3.1249234
42.492952200000005,11.948813551650236
6.0100019,-58.312488
-30.0170807,-59.5340904
6.9874808,-73.0504129
36.7495289,34.5307018
49.163168,-123.137414
43.87982,-78.9421751
-38.3695057,-69.832275
26.9729743,112.365024
41.0461864,-74.3177933
24.578721,73.6862571
4.9795999,8.3373597
51.4424747,0.3694468
51.2074112,26.5208033
51.0277658,7.5630545
53.2146604,63.632607
40.2981599,-111.6944313
-3.6879135,-40.3456372
-26.6747222,27.9261111
40.8006696,29.431767
59.6964936,10.175641950012762
50.7952074,-1.1210853
41.6079555,2.2876008
44.9332277,4.8920811
-22.9520235,-46.5418586
-22.8217964,-47.267105
26.95420855,-101.55367293636212
4.2435206,117.885331
25.529855,78.65278023546288
27.2069903,60.6882515
35.8903993,139.7908633
6.1701348,-75.587415
49.0527528,2.0388736
53.5574458,13.2602781
40.8077797,-84.0572225
40.6503248,35.8329148
32.01599895,34.78595635978459
-14.966969,39.2707752
11.747,11.9608
34.743349,0.2440763627808458
55.7601174,-4.1796401
48.8897044,2.1573695
-3.749365,-73.2444145
18.8449428,-99.2236369
4.9371544,-52.3258736
-23.3119901,-51.3674145
-28.6789941,-49.3695627
-22.8384835,-42.1031604
,
-8.1688563,113.7021772
34.5850791,133.7719957
28.8479285,112.3487701
40.5928976,29.077611679403788
41.1343001,29.0920378
26.1482548,85.3316096785584
45.7931952,123.7132133
29.3912753,76.9771675
41.1362729,-81.4828123
34.02332,-84.360022
41.630663,-87.8536288
26.1907543,-97.6960599
41.3822398,-81.7355692
42.3369816,-83.2732627
40.3881114,-111.8486019
40.1164841,-88.2430932
51.6605982,39.2005858
,
55.8455828,-4.4239646
-28.5102901,-50.9356044
-29.22647,-51.3468188
37.1448493,101.4606956
16.068,108.212
52.707755,-2.7540658
37.7874104,41.2573924
-26.1563889,27.8858333
50.126498049999995,19.006784585824853
50.4126128,2.8343891
48.7760957,1.9988356
-8.1209019,-35.2944858
4.3635118,18.5835913
33.002397,-7.619867
42.628442,22.882311866811484
-37.5796938,144.7295281
44.8088438,-0.5879629
48.8795658,2.415796
51.2641433,6.5446958
52.4009309,13.0591397
8.9179829,-67.4173328
-33.0441903,-71.3725464
-29.9440222,-50.9930938
-23.7176303,-46.8492435
-27.3664685,-70.3322753
36.2869536,140.4703384
24.7964355,85.0079563
33.35029299999999,-86.85112299766301
49.0521162,-122.329479
-22.4623917,-68.9272181
-23.2817308,-46.7448996
-29.8197019,-51.1608722
-11.8577512,-55.496788
-8.2838945,-35.0320984
24.4338097,-106.7024025
-28.4688806,-65.7790642
-20.6718755,-40.4984617
-20.4640173,-54.6162947
18.1396787,-94.4501731
-21.464731,-47.002405
-45.8632024,-67.4752615
18.9417804,-70.4112889
9.9177602,-68.3075027
-23.5525327,-51.4610764
29.1080344,119.6486487
34.5289178,135.5015548
30.3144274,112.2524983
14.5706996,121.13202
36.0156291,49.8398161
28.9953758,77.0233627
-17.62404,145.6654086057793
20.0462328,110.1956502
13.1194809,80.1026704
36.8762356,118.7322549
34.8938136,136.9369523
37.2633325,127.0287472
32.8633961,59.2177294
32.1891959,119.4200069
30.1957677,67.0172447
24.6285432,89.0376862
30.3925379,114.8898988
34.3425592,134.0465338
-41.1240674,175.0699589
31.600963,117.8594813
38.3213271,27.1269257
22.6493438,88.3685302
37.3538319,120.4281727
33.1216751,-117.0814849
26.2048464,-80.27080479659301
33.0890094,-96.8863922
42.0262972,-87.7521069
39.8366528,-105.0372046
45.5757802,-73.7530656
36.8493695,-76.2899539
29.5074538,-95.0949303
41.5381535,-72.8070435
29.8826436,-97.9405828
30.6183939,-96.3455991
40.5863563,-122.391675
34.0159398,-118.111975
45.5616075,-94.1642004
-18.3374033,29.9135021
-29.861825,31.009909
44.8572343,24.8719422
49.9246182,1.0791444
46.2051192,5.2250324
-23.031448,-45.5612792
-23.9664177,-46.3861401
-23.8857982,-46.4241869
22.8272763,-82.92592448088564
22.8015194,86.2029579
39.5849888,32.1421925
36.8864752,30.7029585
31.5776626,120.2952752
25.0375198,121.5636796
43.5460516,-80.2493276
33.0369867,-117.2919818
44.818173,-93.1659179
55.1674213,59.6792625
46.6401295,32.6143922
50.31428055,18.781576310579183
48.8086915,2.1883487
42.3620772,-8.533254450398054
49.7477415,13.3775249
45.5586454,9.2141955
59.049722,18.266667
36.5957471,-4.6375188
48.8121301,3.0843818
53.3019998,-1.4752184
48.5141134,-2.7603283
50.7036916,1.5845684
59.4372155,24.7453688
53.6909103,-1.6302142
43.5827846,1.3466543
-19.750833,-47.936666
-1.7669992,-55.868285
-31.3314264,-54.1062808
-9.5298511,-77.5289981
35.5714621,139.3731052
32.4374578,119.5647288
31.577812,118.732502
19.3098134,84.7971562
34.769123,137.391461
33.5225261,-117.7075526
45.1505185,-94.6830533
53.5462055,-113.491241
39.0817985,-77.1516844
46.5927425,-112.036277
39.5404679,-119.7487235
45.369194,44.212685
-8.8905889,-36.4930896
-25.1076701,-64.3494964
27.2150032,105.215166
37.0264414,-76.3442846
47.5048851,-111.29189
-25.665655,27.241448
42.0681371,19.5121437
41.2055415,123.0889656
10.65903695,79.20142776213416
-10.6990264,39.0217984
10.1653676,-66.8865117
40.5122388,141.4882959
47.852826300000004,26.759333980148376
24.091071,32.897306
33.6958383,-7.3893292
-12.2779632,49.2913743
48.7737116,2.4869009
51.5887845,4.7760237
47.7639726,-3.3444489
51.7035725,-3.8905999512897464
58.5991505,35.8230767
50.9979888,6.8025409
41.5421013,2.1138977
50.8043254,7.6827244
47.0505452,8.3054682
50.6603327,14.0381357
10.5992669,-67.0145106
-22.1225167,-51.3882528
20.3867547,-99.9931982
36.617331,101.7761976
30.3612115,77.3229651442197
38.2691248,140.8705271
27.638853,112.776832
33.8959203,35.47843
39.0264297,117.634889
25.7733598,113.0094337
32.5556091,35.8493023
25.9024289,-97.4981698
41.353896,-73.138155
40.6178915,-75.3786521
40.75839,-82.5154471
31.83688,-102.0103767
33.6783336,-118.000016
-2.5055839,28.8594885
48.87778,2.1802832
35.1746503,33.3638783
45.7337532,4.9092352
19.873992649999998,-97.37156286710564
50.59324,5.867828
37.9317766,-121.696026
-36.1281405,144.7516955
39.3642852,-74.4229351
49.4432174,7.7689951
-18.9408294,-46.9926624
23.50222005,74.9551534052134
45.839720299999996,8.754133838056571
48.817399,1.9476363
-12.6076318,15.7411039
31.1708218,115.0159244
42.4184296,-71.1061639
30.9723517,31.1683002
-5.79740005,13.494820298074796
7.7312634,8.538425
44.2334238,8.252572737021062
49.81207845,19.029198802013944
48.8688199,2.4173658
45.6862542,21.9063162
39.1873894,16.87828188895307
53.2602539,-2.5145104
5.6923407,-76.6583801
-18.9188041,-48.2767837
30.3255646,78.0436813
33.3322314,48.5924864
34.7109786,137.7259431
41.779588,-71.4366813
43.08436,-79.0614686
41.5243537,-72.0759008
43.7228003,7.1134479
48.8490721,2.4749347
43.3124696,3.4707789
35.357674,139.318278
44.0806041,-103.228023
-6.4422075,38.9062189
50.8214626,-0.1400561
-7.9340069,-34.868407
46.93047765,26.378928875635847
-22.8884,-43.1147
52.0579324,1.1528095
40.5200187,-74.2745215
38.8574402,28.0565711
35.8831786,-80.081817
42.8620287,-112.450627
38.263995,-104.6141867
-2.9493766,25.9184499
-25.966917,32.466956
4.7200545,9.7274994
37.0664363,14.2502445
42.8881414,47.6424676
50.9929303,7.1277379
44.7177,4.54685
50.654401,3.0733338
55.8829582,-3.5175773
49.1043397,6.7071754
44.8791708,-0.5216683
52.161593800000006,22.281253302988254
8.8835312,-79.7799505
29.74434,-102.67467
30.0403094,121.1500882
51.3878174,1.3819699
45.2399639,4.6675475
43.167205949999996,11.467561040475552
50.4934145,2.9577519
-33.2762202,-65.9515546
28.8616886,121.1402223
41.2303557,35.9683338
31.1244028,104.39013
29.9992425,120.576854
35.1441348,110.6092839
44.861966,129.257006
45.0984983,-93.4419222
40.1075089,-89.3768539
43.074761,-89.3837613
35.4492582,2.9071065
-14.8567487,-40.8414804
-26.0221753,28.2014478
-31.589075,28.789145
41.3214976,16.2868696
32.14605765,34.87498387163954
43.8356808,5.0383522
45.7784255,4.9206153
45.6072875,4.0627318
40.8584328,-74.1637553
-15.5205193,32.7682742
48.7084162,9.0035455
39.6236752,122.005039
16.0431989,36.0181112
49.088332,8.4003114
36.7100716,-4.631539
46.6705431,-1.4269698
51.3154546,9.4924096
58.085627599999995,7.93185802875815
51.3746778,7.6999713
48.7643664,2.391024
40.89761,14.190528
33.688056,113.913056
46.8037423,130.3747185
32.0492034,48.851281
35.7494986,114.2912899
-10.1632209,123.6017755
38.9868531,106.3771974
39.5261206,-119.8126581
38.5135805,-89.9841627
40.6687141,-74.1143091
34.1812089,-118.307201
34.881789,-1.316699
49.5940567,17.251143
49.4217,3.6847
-12.1440031,-44.9967406
-2.9009918,-40.8427389
38.7235072,34.7194168
41.1677575,80.2582136
-20.7167803,-46.6156864
-7.2246743,-35.8771292
7.0625358,-73.0858228
-53.1625688,-70.907822
-21.6741873,-49.7518932
37.446996,138.8512199
28.7555245,104.6406023
32.4935378,74.5411575
34.3980247,94.1902137
40.1194651,-95.7607517
40.125222,-87.6304614
40.8171433,114.8782861
32.6200973,-83.606568
40.9913019,27.3676293
48.939344,2.6176193
22.6810246,88.3715343
48.699184,2.187457
18.0281048,-95.03593818139205
-23.9927768,-46.2558332
-21.1331035,-48.9712817
5.7148307,-72.9279328
50.9080532,28.3867504
54.5119008,30.4254486
44.199828,17.9093012
36.1867442,-94.1288142
35.4798757,-79.1802994
45.5228939,-122.989827
37.3938528,126.9570605
36.315537,139.8006952
54.5242081,-1.5555812
14.9258055,-92.32219567868036
-23.3112878,-51.1595023
31.128233,30.646198
43.447436,-79.666672
37.7986184,-121.2117148
50.7702908,6.2295504
46.8714322,-1.0150302
44.5384728,10.935960870530739
5.8277055,-73.0338939
48.9802035,2.5589558
50.9025349,-1.404189
48.4555244,10.2766213
10.9635839,-63.8464509
35.3540209,-120.375716
-41.0523688,145.9064073
33.6306299,114.6423617
51.0977642,4.1377229
41.6254728,15.9095926
43.480120400000004,13.218790609151764
36.5902266,36.1710354
14.7978677,42.9544872
36.3491635,7.409498952760461
36.7511783,5.0643687
40.9098506,39.77715282189265
11.861324,-15.583055
25.7737705,55.938232
6.8477165,3.6440551
38.1343744,-121.2735432
40.1672117,-105.101928
39.8695516,-104.985181
34.9531295,-120.435857
-23.0908356,-47.2180677
43.935718050000006,11.09414726770089
48.1916774,31.6902953
27.731944,30.8411109
42.8938649,71.38409060196139
40.8216536,29.9507184
45.4997475,-122.4309766
18.4348122,79.1328042
30.0357,120.8640628
32.0889657,72.6776943
39.6533321,106.7893379
46.6740455,4.3631681
41.1992456,16.5968279
49.3579272,6.1675872
45.4748298,4.5098046
47.6197395,6.1544694
51.4790956,5.6557686
50.288556299999996,18.97044253093511
43.5116383,16.4399659
50.4052576,1.5711617
48.8830565,2.4040111
50.6056458,3.3878179
43.5761001,7.05859
43.6393171,3.9133311
-27.6431016,-63.5408542
-34.7303025,-58.268868
35.2313038,115.5019149
38.7063767,116.1062203
36.2382047,137.9687141
40.4558435,42.9979531
24.5,81.0
38.4326291,33.8976963
35.9549076,139.8748667
-40.9144636,175.0061963
26.2378597,-80.1247667
37.7742152,-87.1133304
41.6274511,-93.7380243
40.518681,-78.394736
42.1526964,-87.7957618
-5.202134,38.2275548
49.2234674,18.7393139
41.2402745,16.5010109
31.4649685,-100.4405094
7.6906058,-5.0298408
48.7630238,2.4093664
32.010998,112.1163785
29.9942265,-90.2417806
41.6664781,-81.3399769
24.6746076,102.914471
41.0742476,28.2481709
6.3666147,2.0853599
24.980278,32.8747219
35.3846699,5.3702215
45.9191358,6.1420652
49.0074999,2.3880847
45.9366592,-0.9616399
56.1517085,101.6334907
51.6317449,-0.75596
59.2293827,17.9748815
52.4492074,-2.0514646
53.2744122,-9.0490601
50.9810486,11.3296637
51.0273731,2.3422205
53.361687,55.924641
48.8172236,7.7885978
47.7477336,-3.3660907
38.0856891,-0.9448805
44.9088982,-0.6300363
52.2797707,7.4373615
43.7128967,-87.9370433
-19.1437458,33.4780059
50.85798545,5.6969881818221095
53.6475988,-3.0041751
38.9675925,-0.1803423
48.7610716,8.239959
48.8992679,2.5660399
49.9656998,2.4081341
38.5406255,-0.1290929
44.0359323,10.1395519
45.6886292,5.9146362
10.2591856,-67.0110344
-8.7189103,-36.137365
26.055317950000003,82.99313867937335
-3.6959434,128.178785
38.3487153,38.3190674
33.144920299999995,-94.96676389972137
32.723268,-114.6179954
42.3238056,-83.4005321
43.0166806,-88.0070315
35.7882893,-78.7812081
44.5612032,6.0820639
27.502232,116.415177
29.7142355,106.6028762
12.7539797,-16.40392966965883
52.9529894,4.8267592494488
52.2209855,6.8940537
43.5476008,-96.7293629
-3.2996768,-60.6213528
38.92266625,-77.05622735
33.0186699,-80.1762704
-0.2802724,36.0712048
-17.8877361,31.156797
14.2568583,13.11559629402763
9.3400159,2.6278258
51.3201891,-0.5564726
52.17150665,5.645439249954029
51.1674417,6.9307271
53.407901,-2.160243
54.095791,13.3815238
48.3943949,9.9987169
48.8325659,9.3163822
47.5876861,1.3337639
48.8853708,2.5361783
48.539927,2.6608169
49.0323168,2.4733628
44.2855555,11.8832055
50.2796417,3.9674127
55.9477764,-3.9882568
52.3025582,4.8467875
45.9361246,6.6302551
-20.1597921,-44.8739341
17.166667,77.083333
37.7949103,120.824268
37.0616519,114.499746
-26.173611,27.694167
40.9481192,-4.1172101
45.218894,12.2785805
50.294113,18.6657306
46.6727037,5.5589973
-33.5808615,-71.6132377
-18.1702546,-47.9447082
39.5302055,116.6926134
32.0686867,34.8246812
37.7602985,38.2772986
-44.3930254,171.2509786
30.8942995,120.0851114
37.4716356,49.4685904
43.6166163,-116.200886
36.6744117,-121.655037
41.6992717,-71.4586114
-24.8591735,-54.3328813
47.8757017,-3.9223889
-34.7523871,149.7198009
32.44645,-99.7475905
53.8290348,-1.5383224
0.57515665,33.28052985775423
36.66979205,3.1001751113197673
-25.836389,28.180278
-5.1027081,30.3878909
-7.0842931,37.4232686
-18.1553985,49.4098352
27.1832822,31.1853836
45.3631386,5.5910751
54.3096314,13.0820846
43.1497034,6.0737053
53.5927543,-2.2972827
55.6833793,11.0993619
51.4944756,4.2871541
48.670609,33.1169742
52.3880787,-2.2478582
-1.8785209,-80.1427848
47.0921047,5.4925463
36.9514957,14.5304867
50.4738029,17.3324733
-6.7662029,-38.2319607
-22.293585,-48.559193
8.8862119,-64.2488754
-29.4671522,-51.9624046
-24.7222438,-53.7402476
43.6848768,127.3578579
26.232989,105.939606
-8.5837726,116.10685
34.2484488,132.5652498
38.6852729,30.6427411
-2.5387539,140.7037389
36.9164834,34.895149
38.0814716,40.4297767
31.0532562,112.2061711
25.1901863,118.338717
48.7026161,2.3123582
23.522903749999998,-100.60404600258255
-8.415192,-37.057748
35.9251145,139.4856927
27.9128583,79.74762537616267
23.25,87.75
40.0549886,26.9278292
40.4862174,-74.4518173
44.8277446,-92.9438218
40.864483,-90.9612528
44.811349,-91.4984941
39.7284945,-121.8374777
49.2433804,-122.972545
37.6393419,-120.9968892
41.1105874,20.0794072
44.6799707,-63.5720232
31.6429346,-97.9715967
48.8773018,2.7056056
10.4684588,-66.5431115
34.2,43.9
32.8406946,-83.6324022
26.715364,-80.0532942
45.2678347,1.7706797
-20.5531437,-48.5697509
-27.6350709,-52.2738654
19.37093275,-99.35680743246913
45.3662519,126.3046846
34.4373616,35.8348551
23.0239788,113.1159558
31.920921,113.465844
33.9518498,131.2472243
24.2918414,116.1171428
43.6151762,122.2601035
42.4084302,-71.0119948
43.2560802,-79.8728583
34.5038393,-93.0552437
42.3147529,-88.4474302
42.6583661,-83.1499322
35.1477774,-114.568298
-12.7368536,-60.1465555
41.2222218,-73.0570603
47.4799078,-122.2034496
45.5432973,3.2502213
47.0957648,37.5499621
45.6754622,6.3925417
43.246916,46.5855184
47.3805128,15.0947756
51.3879463,7.3951553
51.020878,2.3894321
46.5802596,0.340196
41.275088,16.4162585
-29.714209,-52.4285807
5.8247628,-55.1703941
14.6416142,-90.5132836
-19.1128242,-51.7345354
40.6067217,115.072195
29.2233495,103.5966083
29.080640950000003,75.788754109493
35.273804,137.007459
33.2095614,-87.5675258
33.4946353,-117.147366
30.3674198,-89.0928155
34.1976308,-119.180381
37.9577016,-121.290779
42.0028761,-71.5147839
42.1544205,-87.9589621
32.912624,-96.6388833
35.6571367,-97.4649038
43.6405237,5.0980225
32.2793121,-99.8812612
42.7876022,-86.1090828
31.8497708,47.1496466
10.6033083,14.3281625
-3.3486456,37.3435249
41.4936194,2.0319476
45.7969952,4.8423304
37.0634355,115.0254894
43.0622536,-88.3123889
34.6086854,-98.3903305
41.673238,85.716234
6.8200066,-5.2776034
26.01055795,33.12992108817383
44.8534568,0.487531
50.2780834,19.1342944
48.9917676,2.2585679
48.8953937,9.1895147
53.0528092,8.6294626
-1.0669700500000001,-79.477681157267
-21.7886713,-48.1773096
-6.7716146,-79.8387175
-23.9335988,-46.3286399
-11.011531049999999,-66.05558670491354
17.1527588,-89.0761718
-23.6121912,-46.7790539
13.3400771,77.1006208
36.8150283,127.1140654
26.3586885,-80.0830984
45.2332985,-93.2913405
46.0500268,14.5069289
30.5061493,105.574542
31.6205738,65.7157573
32.0116032,51.8651719
33.1545696,46.7576343
38.7071247,-121.2810611
40.385549,-105.04436132094955
7.2525595,5.1932647
8.642281,-10.971631
-3.4055866,29.1375509
10.6228284,10.0287754
0.6561907,30.2779432
51.29884295,3.8422043956030683
-23.62028,-45.41306
7.8849011,-76.6227461
43.5653012,1.2978343
51.7883997,1.1527865
43.3479409,-3.0087671
38.7904338,-9.1792617
30.5942116,50.2434119
43.835765,-79.090576
52.73057555,15.210755319093852
37.8483767,27.8435878
40.473055,-3.8724138
53.58724195,8.88407915140169
51.3819167,0.526559
-29.1654014,-51.5197627
-8.684226,-35.589032
51.9383777,15.5050408
42.3775361,-96.0607187
19.918832950000002,75.87085986165867
-7.2369112,-39.4149236
11.0062433,-74.241022
43.7084065,-1.0518771
38.0585479,-1.2042086
-24.1852569,-65.2994789
56.6739826,12.8574827
36.3654065,119.8005385
23.5715402,111.0139268
14.72421995,77.43067380798242
27.5611227,109.963365
-7.0418471,109.61988748140061
35.3021133,113.9202062
23.3916357,110.074064
48.9409016,2.1585037
42.6993979,9.4509187
41.4417677,-8.2955712
42.0937524,11.7922462
48.7160783,7.1884164
44.2015827,0.6176112
51.6485843,7.0829054
45.7153254,4.8039331
36.9219828,14.7213455
41.20351925,14.116862382970815
50.3579317,3.5234846
48.4048867,2.7207225
43.4098822,5.3090324
51.8444777,6.8583277
59.3717379,16.5051474
47.9209556,9.7542772
54.9987414,-1.4321848
49.0660487,2.0614598
46.3036683,4.8322266
50.6092082,3.0162523
48.9229416,2.1868998
52.4577615,-2.1474345
10.1325951,-64.6819583
-20.896505,-51.3742765
-26.2295984,-52.6712474
-6.7675739,-43.022261
10.466288,-66.6078417
-27.6447774,-48.6646323
25.4870614,-103.1644436
4.11145945,-73.4967836258948
28.1909814,-105.469426
-23.3328038,-46.724446
-25.3281673,-57.5521492
-15.645816,-56.132218
-8.1993049,-35.5631137
36.5452581,52.6846571
26.03909045,83.49858462133619
36.8252277,-119.7029194
48.8437412,2.219344
39.8945292,43.9427459
-13.6391314,32.6458437
37.461928,121.4425255
13.8063421,8.9891659
40.9316799,-8.552306217314651
53.1511324,16.7380343
50.8022391,-1.8905903
-36.6203503,-64.2905765
28.5562003,112.3497606
40.0800359,29.5096528
26.4614625,-80.0728201
33.560832,-117.210656
51.9016663,-0.2027155
,
39.2945998,41.0102383
46.9248758,26.9281768
50.4302393,7.466302
52.1562499,5.3896944
51.5331484,4.4561276
55.4854656,28.7682339
36.2427456,46.2705227
51.8474946,5.8637771
47.9978628,2.7310072
51.778354199999995,5.532083610932192
-16.1000758,-47.9445014
-23.5234673,-46.8406808
-4.5796872,-81.2718335
34.2176371,-119.0383541
52.24400285,4.828160506359512
-29.9729781,-67.0487944
50.8034109,-0.0572093
46.877229,-96.789821
44.6257835,22.6531975
43.1408157,-80.2631733
26.7676025,31.4955936
13.2743914,-16.6454431
48.6538754,2.4151151
44.1006693,3.0777594
51.7676194,0.0974893
40.0661031,-2.1313528
51.8861316,-0.5209341
10.2456598,-66.8586608
20.0291004,-100.7233311
-2.5329055,-44.1591965
-10.7541212,-77.7609383
38.1513559,27.3616214
44.2988343,86.0776475
23.9084932,90.3980037
36.3220984,139.0032758
42.5006243,-90.6647985
33.9749136,-118.0338664
34.065846,-117.64843
30.6743643,-96.3699632
41.9758872,-91.6704053
41.3673191,-82.1073583
45.521906,-73.4644578
27.7700475,-82.6359078
25.4718946,-80.4759905
48.0517429,-122.1768209
16.1876131,-15.2954502
52.3016096,13.2610163
36.8392776,54.4320858
48.9565669,2.3825154
-19.4777807,-42.5270802
54.225278,38.8905559
42.4894801,-83.1446485
35.2225717,-97.4394816
47.6116279,21.3437378
37.2491577,42.4707504
32.9552598,-97.0155703
34.9248667,-81.0250784
6.068724,-8.1342735
-7.5662123,35.07448067667575
-24.6581357,25.9088474
25.4575492,-108.0755437
35.9901282,114.5096506
48.9350488,2.3324727
51.6360419,-3.8216718
48.79367455,132.91241500716188
47.0549163,21.9285231
-9.9076522,-63.033069
40.6212099,31.6460259
31.6572954,120.7480757
-19.24886155,32.43774794553033
51.2356068,-0.5732063
43.1758591,5.6062495
45.5217245,9.5931485
49.6343543,-1.6285770868661507
38.3880413,27.1733777
42.3459271,-71.5522874
-13.2999118,35.2458642
52.5246182,-1.4684488
43.6154825,4.0098366
24.2388257,117.4524304
40.8112384,44.4851821
37.8709542,-96.2471338
40.924271,-98.338685
37.1916551,40.5847974
36.8589209,14.7613018
35.3843145,54.6209302
41.8000713,120.7655332
42.2813722,-83.7484616
38.3042796,116.8511597
45.6794293,-111.044047
-38.3826242,142.4814199
40.1331797,67.8234081
35.6876096,-105.938456
40.335345,-75.9279495
26.3388704,31.8893907
44.648618,-63.5859487
31.2457442,34.7925181
39.1748094,31.2363343
42.6817633,26.3153528
33.2676746,-7.5811465
30.402184,55.9941776
-8.8315112,33.8534332
37.9465412,30.9602093
40.9569617,40.884428
-29.6,30.3788889
12.1658358,6.6606398
35.6589015,51.0586022
1.82385155,9.856166243652915
46.8467267,35.3827281
29.2661428,51.2120597
33.7437267,44.6495225
35.949678,39.0089212
30.7833666,30.9982536
48.5595971,38.6499847
32.652183,14.26801
40.1578662,73.36349517326835
5.107467,-1.2430793
40.38658275,36.656546010111526
43.4769604,43.5966578
38.609666,29.3306506
45.8817402,22.9008611
-12.5512171,28.2408844
33.830287,-6.072605
29.3796532,47.9734174
30.705029,-99.2233284
33.4270275,-117.6124179
42.0811563,-87.9802164
40.5871782,-105.0770113
25.90560775,-80.17506955013091
42.5558542,-114.4700684
34.1033192,-117.575173
8.8853988,-64.1623504
-17.0340092,-39.5315525
-23.3489848,-47.8490165
-4.0885957,-63.1431166
-10.4602509,-40.189151
-21.7900318,-46.5647928
-8.0213832,-34.9810768
8.5816963,-71.1658075
48.7714153,2.3469255
36.4191096,-6.1460683
44.45807035,7.558136691151624
59.516667,17.916667
36.3302284,-119.292058
32.8546197,-79.9748103
34.1705609,-118.8375937
40.5247777,-111.8627989
38.5800713,-90.4069177
28.904843,-81.2273119
41.9125286,-88.1347927
41.5733669,-87.7844944
30.3118769,-95.4560512
37.496904,-122.3330573
29.6185669,-95.5377215
45.7874957,-108.49607
37.2089184,-76.7783003
33.68656595,-116.15327749528778
41.6833813,-86.2500066
44.2613967,-88.4069744
-37.9519223,176.9945977
14.3639435,121.056771
21.5265375,92.0651455
29.29285,105.870081
32.1307686,112.7665716
35.4178833,119.5213994
36.0833265,140.077279
-13.131866,28.4175195
51.4443059,0.21807
51.9928346,6.9173072
42.65811795,13.69787458752063
49.2157245,1.1646335
40.8600227,14.3589664
43.3351381,5.4832687
51.4143513,-0.7449925
50.7122929,7.8500434
40.9045572,14.2901223
4.8097329,-74.3541284
-33.5833594,-70.629827
-23.9849105,-48.8803886
-1.4998186,33.8083018
31.0374982,30.4710625
43.2703797,26.9247362
46.6438656,21.2747575
-12.5444887,-55.7233972
40.9852301,37.8797732
30.7474425,120.7510971
26.8639605,89.3837363
26.2671531,117.634008
47.53265345,25.834593917414125
42.1487425,24.153175862220515
45.697274,27.1856921
9.000518,-71.9259356
-22.42426915,-43.893524444097466
29.6203251,51.6520826
35.8078228,139.7241054
45.0164138,78.3791841
25.48911765,74.33007256947698
27.024695899999998,77.29201163357268
28.7678881,77.46066723508514
42.0112329,-87.8406031
32.5386046,-95.86181199728397
42.2071184,-72.6075851
41.6475306,-88.0895061
39.0924792,-94.4137923
-14.9195617,13.4897509
32.440742,34.910235092527095
29.2854132,-81.0557921
-23.354173,43.66966
52.8063157,-2.1163818
50.8276429,3.2659884
52.5723383,6.627603
-34.5934412,-60.9461678
,
18.35159075,76.75542361334745
35.218039,111.053715
39.073803,40.7296181
28.6138954,77.2090057
37.1000973,-84.1148273
48.7544012,-122.478836
42.1741836,-8.5050427
10.430401849999999,11.206540782332173
-4.3227472,-46.4516989
51.4082625,19.696167
-26.2124639,28.2617471
8.9189081,17.5478111
48.7305272,2.44782
50.1757546,3.2346145
37.1796848,33.3383665
35.2740853,59.2194494
50.5542328,9.6770448
34.86174285,46.325231354456236
5.83156395,5.660127976472991
9.541111,0.7876018299289109
45.4277659,-75.710976
50.8089997,19.1244089281233
41.921997,33.866528
40.767323,-74.2048677
32.7947731,-116.962526
32.6400541,-117.084195
32.5888072,-96.9553675
46.8739081,-96.7538674
,
40.9999202,-80.3471856
32.9337381,-97.0788754
29.2712774,117.1727822
49.2871086,1.0108998
41.1084971,16.691548
41.6897761,15.3776211
40.6092539,14.9821443
41.2275731,16.2954806
-23.2782035,-51.2779583
1.2140275,-77.2785096
48.8362705,10.0931765
44.8178131,20.4568974
-10.9498503,34.996754
52.1518157,4.4811088666204295
44.0066403,4.8725016
28.9863852,-10.0574351
41.021654,28.579757
42.4248111,25.6257479
14.1419291,44.1389849
37.4152662,41.3733325
52.1113862,26.1025274
34.682268,-0.43575550651239253
-28.2919443,31.4294444
31.0277779,61.4948211
49.9519085,18.6023614
34.8972924,3.4897249
-29.5139742,-51.9917068
50.7436672,3.2142729
45.893068,3.1136667
42.498275,-92.3328743
47.2996846,-1.5518632
9.0407855,-69.7412593
35.329479,139.405371
38.6266637,-9.1036412
-26.243056,28.431667
58.3801207,26.72245
41.5510583,-8.4280045
8.6046053,-75.97832027208273
35.751733,139.863816
46.975371,-123.815722
-15.4932314,-70.1356177
36.2105604,58.7922291
39.8083196,-104.9338675
42.1608585,-88.0814651
,
44.9133742,-0.2427217
-22.7438887,-43.6991998
26.8007069,112.0847511
43.3248924,-79.7966835
48.6272298,2.5937073
37.1954062,122.0834466
33.44667445,-94.07714830522015
45.1728923,-93.3023898
-37.8917889,175.4691069
34.626275,135.605845
13.9326093,75.574978
30.2024971,115.0334144
41.5665954,35.9024777
27.7009794,113.1380117
32.5686782,74.071481
42.8863846,125.1374905
29.5639758,-95.2864299
38.791612,-90.5958468
-26.706891,27.836271
47.5614705,-52.7126162
45.8018625,15.7097105
28.2782758,-81.39828424712871
52.2658726,6.7924049
51.936284,8.8791526
41.0316005,21.3302511
-29.232412,26.733255
6.8766904,-6.4516096
9.4574719,-5.6342471
28.3109569,30.7103816
50.2096211,19.132165997410812
40.8774545,31.2009618
-29.3383782,31.2881205
47.1327012,24.4963949
35.364842,139.465077
31.6644874,34.5730157
40.7474784,-92.3965311
41.6012796,-85.8590603
44.6402434,-93.1435497
39.9146073,116.7231096
48.9863555,2.4500537
33.0123537,-94.3654707
46.8701049,-113.995267
45.2133989,127.9634816
-26.1930356,28.3082376
43.4014434,3.6959771
-19.9132749,-44.0840953
34.7288995,135.412989
40.5836411,-4.1281427
51.1319137,5.4546268
40.6867667,-73.3734547
36.0726006,49.6937027
50.5331612,2.1523287
44.826012649999996,8.202686328987273
4.010289,9.207058
-23.207791,-46.788919
23.5422149,110.3878006
35.3555075,133.8678525
-16.4603533,-54.6397099
34.033625,-117.0430865
-27.3627778,29.8825
43.4813927,-1.5149935
41.5517903,60.631281
33.9830688,-118.096735
30.9474585,117.805068
28.2178951,113.7001702
42.7656251,-71.4677032
